<?xml version="1.0" encoding="UTF-8"?>
<!--
  ~ Copyright The WildFly Authors
  ~ SPDX-License-Identifier: Apache-2.0
  -->
<module name="org.wildfly.http-client.common" xmlns="urn:jboss:module:1.9">

    <resources>
         <resource-root path="wildfly-http-client-common-2.0.7.Final.jar"/>
    </resources>

    <dependencies>
        <module name="java.naming"/>
        <module name="java.xml"/>
        <module name="org.jboss.xnio"/>
        <module name="org.wildfly.client.config"/>
        <module name="io.undertow.core"/>
        <module name="org.jboss.logging"/>
        <module name="org.jboss.marshalling"/>
        <module name="org.jboss.marshalling.river"/>
        <module name="org.wildfly.security.elytron"/>
    </dependencies>
</module>
