<?xml version="1.0" encoding="UTF-8"?>
<!--
  ~ Copyright The WildFly Authors
  ~ SPDX-License-Identifier: Apache-2.0
  -->
<module name="org.jboss.as.controller" xmlns="urn:jboss:module:1.9">
    <properties>
        <property name="jboss.api" value="private"/>
    </properties>

    <resources>
        <resource-root path="dir"/>
        <resource-root path="wildfly-controller-24.0.0.Final.jar"/>
    </resources>

    <dependencies>
        <!-- for java.beans -->
        <module name="java.desktop"/>
        <module name="java.logging"/>
        <module name="java.management"/>
        <module name="java.xml"/>

        <module name="org.jboss.as.controller-client" export="true"/>
        <module name="org.jboss.as.core-security"/>
        <module name="org.jboss.as.protocol"/>
        <module name="org.jboss.as.version"/>
        <module name="org.jboss.dmr" export="true"/>
        <module name="org.jboss.logging"/>
        <module name="org.jboss.logmanager"/>
        <module name="org.jboss.modules"/>
        <module name="org.jboss.msc"/>
        <module name="org.jboss.remoting"/>
        <module name="org.jboss.staxmapper"/>
        <module name="org.jboss.threads"/>
        <module name="org.projectodd.vdx"/>
        <module name="org.wildfly.common"/>
        <module name="org.wildfly.security.elytron-private"/>
        <module name="org.wildfly.service"/>
        <module name="org.yaml.snakeyaml"/>
    </dependencies>
</module>
