<?xml version="1.0" encoding="UTF-8"?>
<!--
  ~ Copyright The WildFly Authors
  ~ SPDX-License-Identifier: Apache-2.0
  -->
<module name="jakarta.persistence.api" xmlns="urn:jboss:module:1.9">

    <resources>
        <resource-root path="jakarta.persistence-api-3.1.0.jar"/>
    </resources>

    <dependencies>
        <!-- java.instrument export due to jdeps result -->
        <module name="java.instrument" export="true"/>
        <module name="java.logging"/>
        <!-- PersistenceUnitInfo needs javax.sql.DataSource -->
        <module name="java.sql" export="true"/>
    </dependencies>
</module>
