<?xml version="1.0" encoding="UTF-8"?>
<!--
  ~ Copyright The WildFly Authors
  ~ SPDX-License-Identifier: Apache-2.0
  -->
<module name="org.wildfly.extension.microprofile.config-smallrye" xmlns="urn:jboss:module:1.9">

    <properties>
        <property name="jboss.api" value="private"/>
    </properties>

    <resources>
        <resource-root path="wildfly-microprofile-config-smallrye-32.0.0.Final.jar"/>
    </resources>

    <dependencies>
        <module name="io.smallrye.config" export="true"/>
        <module name="org.jboss.staxmapper"/>
        <module name="org.jboss.as.controller"/>
        <module name="org.jboss.as.server"/>
        <module name="org.jboss.modules"/>
        <module name="org.jboss.msc"/>
        <module name="org.jboss.logging"/>
        <module name="org.eclipse.microprofile.config.api"/>
        <module name="jakarta.enterprise.api"/>
    </dependencies>
</module>
