<?xml version="1.0" encoding="UTF-8"?>
<!--
  ~ Copyright The WildFly Authors
  ~ SPDX-License-Identifier: Apache-2.0
  -->
<module name="org.hibernate.validator" xmlns="urn:jboss:module:1.9">

  <resources>
    <resource-root path="hibernate-validator-8.0.1.Final.jar"/>
  </resources>

  <dependencies>
    <module name="java.desktop"/>
    <module name="java.scripting"/>
    <module name="java.xml"/>
    <module name="com.fasterxml.classmate"/>
    <module name="jakarta.persistence.api"/>
    <module name="jakarta.validation.api"/>
    <module name="jakarta.xml.bind.api"/>
    <module name="org.glassfish.expressly"/>
    <module name="org.jboss.logging"/>
    <module name="org.jboss.weld.core"/>
    <module name="org.jboss.weld.spi"/>
    <module name="org.joda.time"/>
  </dependencies>
</module>
