<?xml version="1.0" encoding="UTF-8"?>
<!--
  ~ JBoss, Home of Professional Open Source.
  ~ Copyright 2010, Red Hat, Inc., and individual contributors
  ~ as indicated by the @author tags. See the copyright.txt file in the
  ~ distribution for a full listing of individual contributors.
  ~
  ~ This is free software; you can redistribute it and/or modify it
  ~ under the terms of the GNU Lesser General Public License as
  ~ published by the Free Software Foundation; either version 2.1 of
  ~ the License, or (at your option) any later version.
  ~
  ~ This software is distributed in the hope that it will be useful,
  ~ but WITHOUT ANY WARRANTY; without even the implied warranty of
  ~ MERCHANTABILITY or FITNESS FOR A PARTICULAR PURPOSE. See the GNU
  ~ Lesser General Public License for more details.
  ~
  ~ You should have received a copy of the GNU Lesser General Public
  ~ License along with this software; if not, write to the Free
  ~ Software Foundation, Inc., 51 Franklin St, Fifth Floor, Boston, MA
  ~ 02110-1301 USA, or see the FSF site: http://www.fsf.org.
  -->
<module name="org.hibernate.validator" xmlns="urn:jboss:module:1.7">

  <resources>
    <resource-root path="hibernate-validator-6.0.21.Final.jar"/>
  </resources>

  <dependencies>
    <module name="com.fasterxml.classmate"/>
    <module name="javax.persistence.api"/>
    <module name="javax.validation.api"/>
    <module name="javax.xml.bind.api"/>
    <module name="org.glassfish.jakarta.el"/>
    <module name="org.jboss.logging"/>
    <module name="org.jboss.weld.core"/>
    <module name="org.jboss.weld.spi"/>
    <module name="org.joda.time"/>
    <module name="org.jsoup"/>
    <module name="org.apache.xerces" services="import"/>
    <module name="sun.jdk" services="import"/>
  </dependencies>
</module>
