<?xml version="1.0" encoding="UTF-8"?>
<!--
  ~ Copyright The WildFly Authors
  ~ SPDX-License-Identifier: Apache-2.0
  -->
<module name="org.jboss.resteasy.resteasy-client-api" xmlns="urn:jboss:module:1.9">

    <resources>
        <resource-root path="resteasy-client-api-6.2.8.Final.jar"/>
    </resources>

    <dependencies>
        <module name="java.logging"/>
        <module name="jakarta.ws.rs.api"/>
        <module name="org.jboss.logging"/>
        <module name="org.jboss.resteasy.resteasy-core-spi"/>
    </dependencies>
</module>
