<?xml version="1.0" encoding="UTF-8"?>
<!--
  ~ Copyright The WildFly Authors
  ~ SPDX-License-Identifier: Apache-2.0
  -->
<module name="org.jboss.jboss-transaction-spi" xmlns="urn:jboss:module:1.9">
    <properties>
        <property name="jboss.api" value="private"/>
    </properties>

    <resources>
        <resource-root path="jboss-transaction-spi-8.0.0.Final.jar"/>
    </resources>

    <dependencies>
        <module name="java.naming"/>
        <module name="org.jboss.logging"/>
        <module name="jakarta.transaction.api"/>
        <module name="jakarta.resource.api"/>
    </dependencies>
</module>
