<?xml version="1.0" encoding="UTF-8"?>
<!--
  ~ Copyright The WildFly Authors
  ~ SPDX-License-Identifier: Apache-2.0
  -->
<module name="org.jboss.marshalling.river" xmlns="urn:jboss:module:1.9">
    <properties>
        <property name="jboss.api" value="private"/>
    </properties>

    <resources>
        <resource-root path="jboss-marshalling-river-2.1.4.SP1.jar"/>
    </resources>

    <dependencies>
        <module name="jdk.unsupported"/>
        <module name="org.jboss.marshalling"/>
    </dependencies>
</module>
