<?xml version="1.0" encoding="UTF-8"?>
<!--
  ~ JBoss, Home of Professional Open Source.
  ~
  ~ Copyright 2020 Red Hat, Inc., and individual contributors
  ~ as indicated by the @author tags.
  ~
  ~ Licensed under the Apache License, Version 2.0 (the "License");
  ~ you may not use this file except in compliance with the License.
  ~ You may obtain a copy of the License at
  ~
  ~     http://www.apache.org/licenses/LICENSE-2.0
  ~
  ~ Unless required by applicable law or agreed to in writing, software
  ~ distributed under the License is distributed on an "AS IS" BASIS,
  ~ WITHOUT WARRANTIES OR CONDITIONS OF ANY KIND, either express or implied.
  ~ See the License for the specific language governing permissions and
  ~ limitations under the License.
  -->
<module name="org.bouncycastle.bcprov" xmlns="urn:jboss:module:1.8">

    <properties>
        <property name="jboss.api" value="private"/>
    </properties>

    <resources>
        <resource-root path="bcprov-jdk15on-1.65.jar"/>
    </resources>
    <provides>
        <service name="java.security.Provider">
            <with-class name="org.bouncycastle.jce.provider.BouncyCastleProvider"/>
            <with-class name="org.bouncycastle.pqc.jcajce.provider.BouncyCastlePQCProvider"/>
        </service>
    </provides>

</module>
