<?xml version="1.0" encoding="UTF-8"?>
<!--
  ~ Copyright The WildFly Authors
  ~ SPDX-License-Identifier: Apache-2.0
  -->
<module name="jakarta.mail.api" xmlns="urn:jboss:module:1.9">

    <resources>
        <resource-root path="jakarta.mail-api-2.1.3.jar"/>
    </resources>

    <dependencies>
        <module name="java.desktop"/>
        <module name="java.logging"/>
        <module name="jakarta.activation.api"/>
        <module name="org.eclipse.angus.mail" services="import"/>
    </dependencies>
</module>
