<?xml version="1.0" encoding="UTF-8"?>
<!--
  ~ Copyright The WildFly Authors
  ~ SPDX-License-Identifier: Apache-2.0
  -->
<module name="org.jboss.as.domain-http-interface" xmlns="urn:jboss:module:1.9">
    <properties>
        <property name="jboss.api" value="private"/>
    </properties>

    <exports>
        <exclude path="org/jboss/as/domain/http/server/logging"/>
    </exports>

    <resources>
        <resource-root path="wildfly-domain-http-interface-24.0.0.Final.jar"/>
    </resources>

    <dependencies>
        <module name="java.desktop"/>
        <module name="java.security.jgss"/>
        <module name="java.security.sasl"/>
        <module name="io.undertow.core"/>
        <module name="org.wildfly.security.elytron-private"/>
        <module name="org.jboss.as.protocol"/>
        <module name="org.jboss.as.controller"/>
        <module name="org.jboss.as.core-security"/>
        <module name="org.jboss.as.domain-management"/>
        <module name="org.jboss.dmr"/>
        <module name="org.jboss.logging"/>
        <module name="org.jboss.modules"/>
        <module name="org.jboss.xnio"/>
        <module name="org.wildfly.common"/>
        <module name="org.wildfly.security.elytron-web.undertow-server"/>
        <module name="org.jboss.msc"/>
    </dependencies>


</module>
