<?xml version="1.0" encoding="UTF-8"?>
<!--
  ~ Copyright The WildFly Authors
  ~ SPDX-License-Identifier: Apache-2.0
  -->
<module name="org.hibernate.validator.cdi" xmlns="urn:jboss:module:1.9">

  <resources>
    <resource-root path="hibernate-validator-cdi-8.0.1.Final.jar"/>
  </resources>

  <dependencies>
    <module name="jakarta.annotation.api"/>
    <module name="jakarta.enterprise.api"/>
    <module name="jakarta.validation.api"/>
    <module name="org.hibernate.validator"/>
  </dependencies>
</module>
