<?xml version="1.0" encoding="UTF-8"?>
<!--
  ~ Copyright The WildFly Authors
  ~ SPDX-License-Identifier: Apache-2.0
  -->
<module name="org.wildfly.security.manager" xmlns="urn:jboss:module:1.9">
    <properties>
        <property name="jboss.api" value="private"/>
    </properties>

    <dependencies>
        <module name="org.wildfly.security.elytron-private" export="true">
            <exports>
                <include-set>
                    <path name="org/wildfly/security/manager"/>
                    <path name="org/wildfly/security/manager/action"/>
                </include-set>
            </exports>
        </module>
    </dependencies>
</module>
