<?xml version="1.0" encoding="UTF-8"?>
<!--
  ~ Copyright The WildFly Authors
  ~ SPDX-License-Identifier: Apache-2.0
  -->
<module name="org.wildfly.common" xmlns="urn:jboss:module:1.9">
    <properties>
        <property name="jboss.api" value="private"/>
    </properties>

    <resources>
        <resource-root path="wildfly-common-1.7.0.Final.jar"/>
    </resources>

    <dependencies>
        <module name="java.management"/>
        <module name="java.xml"/>
        <module name="org.jboss.logging"/>
    </dependencies>
</module>
