<?xml version="1.0" encoding="UTF-8"?>
<!--
  ~ Copyright The WildFly Authors
  ~ SPDX-License-Identifier: Apache-2.0
  -->
<module name="com.fasterxml.jackson.dataformat.jackson-dataformat-yaml" xmlns="urn:jboss:module:1.9">

    <properties>
        <property name="jboss.api" value="private"/>
    </properties>

     <resources>
        <resource-root path="jackson-dataformat-yaml-2.15.4.jar"/>
    </resources>

    <dependencies>
        <module name="com.fasterxml.jackson.core.jackson-core"/>
        <module name="com.fasterxml.jackson.core.jackson-databind"/>
        <module name="org.yaml.snakeyaml"/>
    </dependencies>
</module>
