<?xml version="1.0" encoding="UTF-8"?>
<!--
  ~ Copyright The WildFly Authors
  ~ SPDX-License-Identifier: Apache-2.0
  -->
<module name="org.jboss.as.deployment-repository" xmlns="urn:jboss:module:1.9">
    <properties>
        <property name="jboss.api" value="private"/>
    </properties>

    <exports>
        <exclude path="org/jboss/as/repository/logging"/>
    </exports>

    <resources>
        <resource-root path="wildfly-deployment-repository-24.0.0.Final.jar"/>
    </resources>

    <dependencies>
        <module name="org.wildfly.common"/>
        <module name="org.jboss.as.protocol"/>
        <module name="org.jboss.vfs"/>
        <module name="org.jboss.logging"/>
        <module name="org.jboss.modules"/>
        <module name="org.jboss.msc"/>
    </dependencies>
</module>
