<?xml version="1.0" ?>

<installation xmlns="urn:jboss:galleon:provisioning:3.0">
    <feature-pack location="wildfly@maven(org.jboss.universe:community-universe)#32.0.0.Final">
        <default-configs inherit="false"/>
        <packages inherit="false"/>
    </feature-pack>
    <config model="standalone" name="standalone.xml">
        <layers>
            <include name="jaxrs"/>
            <include name="microprofile-config"/>
            <include name="microprofile-openapi"/>
        </layers>
    </config>
    <options>
        <option name="optional-packages" value="passive+"/>
    </options>
</installation>