<?xml version="1.0" encoding="UTF-8"?>
<!--
  ~ Copyright The WildFly Authors
  ~ SPDX-License-Identifier: Apache-2.0
  -->
<module name="io.undertow.websocket" xmlns="urn:jboss:module:1.9">
    <properties>
        <property name="jboss.api" value="private"/>
    </properties>

    <resources>
        <resource-root path="undertow-websockets-jsr-2.3.13.Final.jar"/>
    </resources>

    <dependencies>
        <module name="jakarta.servlet.api"/>
        <module name="jakarta.websocket.api"/>
        <module name="org.jboss.logging"/>
        <module name="io.undertow.core"/>
        <module name="io.undertow.servlet"/>
        <module name="org.jboss.xnio"/>
        <module name="org.wildfly.common"/>
    </dependencies>
</module>
