<?xml version="1.0" encoding="UTF-8"?>
<!--
  ~ Copyright The WildFly Authors
  ~ SPDX-License-Identifier: Apache-2.0
  -->
<module name="org.bouncycastle.bcmail" xmlns="urn:jboss:module:1.9">

    <properties>
        <property name="jboss.api" value="private"/>
    </properties>

    <resources>
        <!-- bcjmail is the Jakarta version of bcmail -->
        <resource-root path="bcjmail-jdk18on-1.78.jar"/>
    </resources>

    <dependencies>
        <!-- Required for the IBM J9 1.8 -->
        <module name="java.se"/>
        <module name="jakarta.mail.api" optional="true"/>
        <module name="jakarta.activation.api" optional="true"/>
        <module name="org.bouncycastle.bcpkix"/>
        <module name="org.bouncycastle.bcprov"/>
        <module name="org.bouncycastle.bcutil"/>
    </dependencies>
</module>
