<?xml version="1.0" encoding="UTF-8"?>
<!--
  ~ Copyright The WildFly Authors
  ~ SPDX-License-Identifier: Apache-2.0
  -->
<module name="org.wildfly.extension.request-controller" xmlns="urn:jboss:module:1.9">
    <properties>
        <property name="jboss.api" value="private"/>
    </properties>

    <exports>
        <exclude path="org/wildfly/extension/requestcontroller/logging"/>
    </exports>

    <resources>
        <resource-root path="wildfly-request-controller-24.0.0.Final.jar"/>
    </resources>

    <dependencies>
        <module name="org.jboss.staxmapper"/>
        <module name="org.jboss.as.controller"/>
        <module name="org.jboss.as.server"/>
        <module name="org.jboss.msc"/>
        <module name="org.jboss.logging"/>
        <module name="org.jboss.xnio.nio" services="import"/>
    </dependencies>
</module>
