<?xml version="1.0" encoding="UTF-8"?>
<!--
  ~ Copyright The WildFly Authors
  ~ SPDX-License-Identifier: Apache-2.0
  -->
<module name="jakarta.resource.api" xmlns="urn:jboss:module:1.9">

    <resources>
        <resource-root path="jakarta.resource-api-2.1.0.jar"/>
    </resources>

    <dependencies>
        <module name="java.desktop"/>
        <module name="java.naming" export="false">
            <exports>
                <include path="javax/naming"/>
            </exports>
        </module>
        <module name="java.sql"/>
        <module name="java.transaction.xa"/>
        <module name="jakarta.transaction.api" export="true"/>
    </dependencies>
</module>
