<?xml version="1.0" encoding="UTF-8"?>
<!--
  ~ Copyright The WildFly Authors
  ~ SPDX-License-Identifier: Apache-2.0
  -->
<module name="org.wildfly.extension.io" xmlns="urn:jboss:module:1.9">
    <properties>
        <property name="jboss.api" value="private"/>
    </properties>

    <exports>
        <exclude path="org/wildfly/extension/io/logging"/>
    </exports>

    <resources>
        <resource-root path="wildfly-io-24.0.0.Final.jar"/>
    </resources>

    <dependencies>
        <module name="java.management"/>
        <module name="jdk.security.auth"/>
        <module name="org.jboss.staxmapper"/>
        <module name="org.jboss.as.controller"/>
        <module name="org.jboss.as.server"/>
        <module name="org.jboss.msc"/>
        <module name="org.jboss.logging"/>
        <module name="org.jboss.xnio"/>
        <module name="org.jboss.xnio.nio" services="import"/>
        <module name="org.wildfly.common"/>
        <!-- Temporarily export this dependency, until dependents modules in wildfly are updated -->
        <module name="org.wildfly.io.spi" export="true"/>
        <module name="org.wildfly.service"/>
        <module name="org.wildfly.subsystem"/>
        <module name="io.undertow.core"/>
    </dependencies>
</module>
