<?xml version="1.0" encoding="UTF-8"?>
<!--
  ~ Copyright The WildFly Authors
  ~ SPDX-License-Identifier: Apache-2.0
  -->
<module name="org.jboss.as.platform-mbean" xmlns="urn:jboss:module:1.9">
    <properties>
        <property name="jboss.api" value="private"/>
    </properties>

    <exports>
        <exclude path="org/jboss/as/platform/mbean/logging"/>
    </exports>

    <resources>
        <resource-root path="wildfly-platform-mbean-24.0.0.Final.jar"/>
    </resources>

    <dependencies>
        <module name="java.management"/>
        <module name="org.jboss.as.controller"/>
        <module name="org.jboss.as.controller-client"/>
        <module name="org.wildfly.security.elytron-private"/>
        <module name="org.jboss.msc"/>
        <module name="org.jboss.logging"/>
    </dependencies>
</module>
