<?xml version="1.0" encoding="UTF-8"?>
<!--
  ~ Copyright The WildFly Authors
  ~ SPDX-License-Identifier: Apache-2.0
  -->
<module name="org.eclipse.yasson" xmlns="urn:jboss:module:1.9">

    <properties>
        <property name="jboss.api" value="private"/>
    </properties>

    <resources>
        <resource-root path="yasson-3.0.2.jar"/>
    </resources>

    <dependencies>
        <module name="java.logging"/>
        <module name="jakarta.enterprise.api"/>
        <module name="jakarta.json.api"/>
        <module name="jakarta.json.bind.api"/>
    </dependencies>

</module>
