<?xml version="1.0" encoding="UTF-8"?>
<!--
  ~ Copyright The WildFly Authors
  ~ SPDX-License-Identifier: Apache-2.0
  -->
<module name="org.jboss.invocation" xmlns="urn:jboss:module:1.9">

    <properties>
        <property name="jboss.api" value="private"/>
    </properties>

    <resources>
        <resource-root path="jboss-invocation-2.0.1.Final.jar"/>
    </resources>

    <dependencies>
        <module name="jakarta.interceptor.api"/>
        <module name="jakarta.transaction.api" optional="true"/>
        <module name="org.jboss.classfilewriter"/>
        <module name="org.jboss.logging"/>
        <module name="org.wildfly.common"/>
        <module name="org.wildfly.security.elytron-private"/>
    </dependencies>
</module>
