<?xml version="1.0" encoding="UTF-8"?>
<!--
  ~ Copyright The WildFly Authors
  ~ SPDX-License-Identifier: Apache-2.0
  -->
<module name="org.bouncycastle.bcpkix" xmlns="urn:jboss:module:1.9">

    <properties>
        <property name="jboss.api" value="private"/>
    </properties>

    <resources>
        <resource-root path="bcpkix-jdk18on-1.78.jar"/>
    </resources>
    
    <dependencies>
        <module name="org.bouncycastle.bcprov" services="import"/>
        <module name="org.bouncycastle.bcutil"/>
        <module name="java.logging"/>
        <module name="java.naming"/>
    </dependencies>
</module>
