<?xml version="1.0" encoding="UTF-8"?>
<!--
  ~ Copyright The WildFly Authors
  ~ SPDX-License-Identifier: Apache-2.0
  -->
<module name="org.wildfly.installation-manager.api" xmlns="urn:jboss:module:1.9">
    <properties>
        <property name="jboss.api" value="private"/>
    </properties>

    <resources>
        <resource-root path="installation-manager-api-1.0.2.Final.jar"/>
    </resources>

    <dependencies>
        <module name="org.jboss.prospero" services="export" optional="true" export="true"/>
    </dependencies>
</module>
