<?xml version="1.0" encoding="UTF-8"?>
<!--
  ~ Copyright The WildFly Authors
  ~ SPDX-License-Identifier: Apache-2.0
  -->
<module name="org.jboss.threads" xmlns="urn:jboss:module:1.9">

   <properties>
       <property name="jboss.api" value="private"/>
   </properties>

    <resources>
        <resource-root path="jboss-threads-2.4.0.Final.jar"/>
    </resources>

    <dependencies>
        <module name="java.management"/>
        <module name="jdk.unsupported"/>
        <module name="org.wildfly.common"/>
        <module name="org.jboss.logging"/>
    </dependencies>
</module>
