<?xml version="1.0" encoding="UTF-8"?>
<!--
  ~ Copyright The WildFly Authors
  ~ SPDX-License-Identifier: Apache-2.0
  -->
<module name="org.jboss.weld.spi" xmlns="urn:jboss:module:1.9">

    <properties>
        <property name="jboss.api" value="private"/>
    </properties>

    <resources>
        <resource-root path="weld-spi-5.0.SP3.jar"/>
    </resources>

    <dependencies>
        <module name="java.desktop"/>
        <module name="java.naming"/>
        <module name="jakarta.annotation.api"/>
        <module name="jakarta.enterprise.api"/>
        <module name="jakarta.inject.api"/>
        <module name="jakarta.persistence.api"/>
        <module name="jakarta.servlet.api"/>
        <module name="jakarta.transaction.api"/>
        <module name="jakarta.validation.api"/>
        <module name="org.jboss.weld.api"/>
    </dependencies>
</module>
