<?xml version="1.0" encoding="UTF-8"?>
<!--
  ~ Copyright The WildFly Authors
  ~ SPDX-License-Identifier: Apache-2.0
  -->
<module name="org.jboss.resteasy.resteasy-tracing-api" xmlns="urn:jboss:module:1.9">

    <properties>
        <property name="jboss.api" value="private"/>
    </properties>

    <resources>
        <resource-root path="resteasy-tracing-api-2.0.1.Final.jar"/>
    </resources>

    <dependencies>
        <module name="java.logging"/>
        <module name="org.jboss.logging"/>
    </dependencies>
</module>
