<?xml version="1.0" encoding="UTF-8"?>
<!--
  ~ Copyright The WildFly Authors
  ~ SPDX-License-Identifier: Apache-2.0
  -->
<module name="org.wildfly.security.elytron-web.undertow-server" xmlns="urn:jboss:module:1.9">
    <properties>
        <property name="jboss.api" value="private"/>
    </properties>

    <resources>
        <resource-root path="undertow-server-4.1.0.Final.jar"/>
    </resources>

    <dependencies>
        <module name="org.wildfly.security.elytron-private"/>
        <module name="io.undertow.core"/>
        <module name="org.wildfly.common"/>
        <module name="org.jboss.logging"/>
        <module name="org.jboss.xnio"/>
    </dependencies>
</module>
