<?xml version="1.0" encoding="UTF-8"?>
<!--
  ~ Copyright The WildFly Authors
  ~ SPDX-License-Identifier: Apache-2.0
  -->
<module name="org.wildfly.security.jakarta.authorization" xmlns="urn:jboss:module:1.9">
    <properties>
        <!--
             Although this module is private see the module 'org.wildfly.security.elytron' for the re-exported public API.
         -->
        <property name="jboss.api" value="private"/>
    </properties>

    <resources>
        <resource-root path="jakarta-authorization-3.0.3.Final.jar"/>
    </resources>

    <dependencies>
        <module name="jdk.security.auth"/>
        <module name="org.jboss.logging"/>
        <module name="org.jboss.logmanager"/>
        <module name="jakarta.security.jacc.api" optional="true"/>
        <module name="org.wildfly.common"/>
        <module name="org.wildfly.security.elytron-base"/>
        <module name="org.wildfly.security.elytron-web.undertow-server-servlet" optional="true" services="import"/>
    </dependencies>
</module>
