<?xml version="1.0" encoding="UTF-8"?>
<!--
  ~ Copyright The WildFly Authors
  ~ SPDX-License-Identifier: Apache-2.0
  -->
<module name="org.jboss.resteasy.resteasy-client" xmlns="urn:jboss:module:1.9">

    <properties>
        <property name="jboss.api" value="private"/>
    </properties>

    <resources>
        <resource-root path="resteasy-client-6.2.8.Final.jar"/>
    </resources>

    <dependencies>
        <module name="java.logging"/>
        <module name="java.management"/>
        <module name="jakarta.ws.rs.api"/>
        <module name="org.apache.commons.codec"/>
        <module name="org.apache.httpcomponents"/>
        <module name="org.jboss.logging"/>
        <module name="org.jboss.resteasy.resteasy-client-api"/>
        <module name="org.jboss.resteasy.resteasy-core" services="import"/>
        <module name="org.jboss.resteasy.resteasy-core-spi"/>
        <module name="org.reactivestreams"/>
    </dependencies>
</module>
