<?xml version="1.0" encoding="UTF-8"?>
<!--
  ~ Copyright The WildFly Authors
  ~ SPDX-License-Identifier: Apache-2.0
  -->
<module name="io.undertow.jsp" xmlns="urn:jboss:module:1.9">
    <properties>
        <property name="jboss.api" value="private"/>
    </properties>

    <resources>
        <resource-root path="jastow-2.2.7.Final.jar"/>
    </resources>

    <dependencies>
        <module name="java.desktop"/>
        <module name="java.naming"/>
        <module name="java.xml"/>
        <module name="jakarta.servlet.api"/>
        <module name="jakarta.servlet.jsp.api"/>
        <module name="jakarta.servlet.jstl.api"/>
        <module name="org.jboss.logging"/>
        <module name="io.undertow.core"/>
        <module name="io.undertow.servlet"/>
        <module name="org.jboss.xnio"/>
        <module name="org.eclipse.jdt.ecj"/>
    </dependencies>
</module>
