<?xml version="1.0" encoding="UTF-8"?>
<!--
  ~ Copyright The WildFly Authors
  ~ SPDX-License-Identifier: Apache-2.0
  -->
<module name="org.jboss.resteasy.resteasy-json-binding-provider" xmlns="urn:jboss:module:1.9">

    <properties>
        <property name="jboss.api" value="private"/>
    </properties>
    
    <resources>
        <resource-root path="resteasy-json-binding-provider-6.2.8.Final.jar"/>
    </resources>

    <dependencies>
        <module name="jakarta.json.bind.api"/>
        <module name="org.apache.commons.io"/>
        <module name="jakarta.annotation.api"/>
        <module name="jakarta.json.api"/>
        <module name="jakarta.enterprise.api"/>
        <module name="jakarta.ws.rs.api"/>
        <module name="jakarta.xml.bind.api"/>
        <module name="org.jboss.resteasy.resteasy-core"/>
        <module name="org.jboss.resteasy.resteasy-core-spi"/>
        <module name="org.jboss.logging"/>
    </dependencies>
</module>
