<?xml version="1.0" encoding="UTF-8"?>
<!--
  ~ Copyright The WildFly Authors
  ~ SPDX-License-Identifier: Apache-2.0
  -->
<module name="org.jboss.as.ee" xmlns="urn:jboss:module:1.9">
    <properties>
        <property name="jboss.api" value="private"/>
    </properties>

    <!-- TODO: used by several other modules, for some reason -->
    <!-- exports -->
        <!-- exclude path="org/jboss/as/ee/logging"/ -->
    <!-- /exports -->

    <resources>
        <resource-root path="wildfly-ee-32.0.0.Final.jar"/>
    </resources>

    <dependencies>
        <module name="java.naming"/>
        <module name="java.xml"/>
        <module name="jakarta.annotation.api"/>
        <module name="jakarta.enterprise.concurrent.api"/>
        <module name="jakarta.el.api"/>
        <module name="jakarta.interceptor.api"/>
        <module name="jakarta.security.jacc.api"/>
        <module name="jakarta.transaction.api" optional="true"/>
        <module name="org.glassfish.jakarta.enterprise.concurrent"/>
        <module name="org.jboss.staxmapper"/>
        <module name="org.jboss.as.controller"/>
        <module name="org.jboss.as.naming" optional="true"/>
        <module name="org.wildfly.security.elytron-private"/>
        <module name="org.wildfly.extension.request-controller"/>
        <module name="org.jboss.as.server"/>
        <module name="org.jboss.invocation"/>
        <module name="io.smallrye.jandex"/>
        <module name="org.jboss.modules"/>
        <module name="org.jboss.msc"/>
        <module name="org.jboss.logging"/>
        <module name="org.jboss.metadata.common"/>
        <module name="org.jboss.metadata.ear"/>
        <module name="org.jboss.vfs"/>
        <module name="org.wildfly.common"/>
        <module name="org.wildfly.transaction.client" optional="true"/>
    </dependencies>
</module>
