<?xml version="1.0" encoding="UTF-8"?>
<!--
  ~ Copyright The WildFly Authors
  ~ SPDX-License-Identifier: Apache-2.0
  -->
<module name="org.wildfly.io.spi" xmlns="urn:jboss:module:1.9">
    <properties>
        <property name="jboss.api" value="private"/>
    </properties>

    <resources>
        <resource-root path="wildfly-io-spi-24.0.0.Final.jar"/>
    </resources>

    <dependencies>
        <module name="org.jboss.as.controller"/>
        <module name="org.jboss.xnio"/>
        <module name="org.wildfly.service"/>
    </dependencies>
</module>
