<?xml version="1.0" encoding="UTF-8"?>
<!--
  ~ Copyright The WildFly Authors
  ~ SPDX-License-Identifier: Apache-2.0
  -->
<module name="io.smallrye.common.expression" xmlns="urn:jboss:module:1.9">
    <properties>
        <property name="jboss.api" value="private"/>
    </properties>

    <resources>
        <resource-root path="smallrye-common-expression-2.3.0.jar"/>
    </resources>

    <dependencies>
        <module name="io.smallrye.common.constraint"/>
        <module name="io.smallrye.common.function"/>
        <module name="org.jboss.logging"/>
    </dependencies>
</module>
