<?xml version="1.0" encoding="UTF-8"?>
<!--
  ~ Copyright The WildFly Authors
  ~ SPDX-License-Identifier: Apache-2.0
  -->
<module name="org.jboss.xnio" xmlns="urn:jboss:module:1.9">
    <properties>
        <property name="jboss.api" value="private"/>
    </properties>

    <resources>
        <resource-root path="xnio-api-3.8.14.Final.jar"/>
    </resources>

    <dependencies>
        <module name="java.logging"/>
        <module name="java.management"/>
        <module name="java.security.sasl"/>
        <module name="org.jboss.logging"/>
        <module name="org.jboss.xnio.nio" services="import"/>
        <module name="org.jboss.threads"/>
        <module name="org.wildfly.common"/>
        <module name="org.wildfly.client.config"/>
    </dependencies>
</module>
