<?xml version="1.0" encoding="UTF-8"?>
<!--
  ~ Copyright The WildFly Authors
  ~ SPDX-License-Identifier: Apache-2.0
  -->
<module name="org.eclipse.angus.activation" xmlns="urn:jboss:module:1.9">
    <properties>
        <property name="jboss.api" value="private"/>
    </properties>
    
    <resources>
        <resource-root path="angus-activation-2.0.2.jar"/>
    </resources>

    <dependencies>
        <module name="java.logging"/>
        <module name="jakarta.activation.api"/>
    </dependencies>
</module>
