<?xml version="1.0" encoding="UTF-8"?>
<!--
  ~ Copyright The WildFly Authors
  ~ SPDX-License-Identifier: Apache-2.0
  -->
<module name="org.jboss.as.weld.beanvalidation" xmlns="urn:jboss:module:1.9">

    <properties>
        <property name="jboss.api" value="private"/>
    </properties>

    <resources>
        <resource-root path="wildfly-weld-bean-validation-32.0.0.Final.jar"/>
    </resources>

    <dependencies>
        <module name="org.jboss.weld.api"/>
        <module name="org.jboss.weld.spi"/>
        <module name="org.jboss.as.weld.spi"/>
        <module name="org.jboss.as.weld.common"/>
        <module name="org.jboss.as.server"/>
        <module name="org.jboss.as.ee"/>
        <module name="org.wildfly.security.elytron-private"/>
        <module name="org.jboss.as.controller"/>
        <module name="org.jboss.modules"/>
        <module name="org.jboss.msc"/>
        <module name="org.wildfly.extension.bean-validation"/>
        <module name="jakarta.enterprise.api"/>
        <module name="jakarta.validation.api"/>
    </dependencies>

</module>
