<?xml version="1.0" encoding="UTF-8"?>
<!--
  ~ Copyright The WildFly Authors
  ~ SPDX-License-Identifier: Apache-2.0
  -->
<module name="org.jboss.resteasy.resteasy-core" xmlns="urn:jboss:module:1.9">

    <properties>
        <property name="jboss.api" value="private"/>
    </properties>

    <resources>
        <resource-root path="resteasy-core-6.2.8.Final.jar"/>
    </resources>

    <dependencies>
        <module name="java.desktop"/>
        <module name="java.logging"/>
        <module name="java.management"/>
        <module name="java.naming"/>
        <module name="java.xml"/>
        <module name="jakarta.activation.api"/>
        <module name="jakarta.annotation.api"/>
        <module name="jakarta.enterprise.api"/>
        <module name="jakarta.servlet.api"/>
        <module name="jakarta.validation.api"/>
        <module name="jakarta.xml.bind.api"/>
        <module name="jakarta.ws.rs.api"/>
        <module name="com.ibm.async.asyncutil"/>
        <module name="org.jboss.logging"/>
        <module name="org.jboss.resteasy.resteasy-core-spi"/>
        <module name="org.reactivestreams"/>
    </dependencies>
</module>
