<?xml version="1.0" encoding="UTF-8"?>
<!--
  ~ Copyright The WildFly Authors
  ~ SPDX-License-Identifier: Apache-2.0
  -->
<module name="org.wildfly.clustering.web.container" xmlns="urn:jboss:module:1.9">
    <properties>
        <property name="jboss.api" value="private"/>
    </properties>

    <resources>
        <resource-root path="wildfly-clustering-web-container-32.0.0.Final.jar"/>
    </resources>

    <dependencies>
        <module name="org.jboss.as.clustering.common"/>
        <module name="org.jboss.as.controller"/>
        <module name="org.jboss.modules"/>
        <module name="org.jboss.msc"/>
        <!-- Allow dynamic loading of distributable session management and single sign-on providers -->
        <module name="org.wildfly.clustering.web.undertow" services="import" optional="true"/>
    </dependencies>
</module>
