<?xml version="1.0" encoding="UTF-8"?>
<!--
  ~ Copyright The WildFly Authors
  ~ SPDX-License-Identifier: Apache-2.0
  -->
<module name="jakarta.servlet.jstl.api" xmlns="urn:jboss:module:1.9">

    <resources>
        <resource-root path="jakarta.servlet.jsp.jstl-api-3.0.0.jar"/>
        <resource-root path="jakarta.servlet.jsp.jstl-3.0.1.jar"/>
    </resources>

    <dependencies>
        <module name="java.desktop"/>
        <module name="java.logging"/>
        <module name="java.naming"/>
        <module name="java.sql"/>
        <module name="java.xml"/>
        <module name="jakarta.servlet.api"/>
        <module name="jakarta.servlet.jsp.api"/>
    </dependencies>

</module>
