<?xml version="1.0" encoding="UTF-8"?>
<!--
  ~ Copyright The WildFly Authors
  ~ SPDX-License-Identifier: Apache-2.0
  -->
<module name="org.jboss.resteasy.resteasy-atom-provider" xmlns="urn:jboss:module:1.9">

    <resources>
        <resource-root path="resteasy-atom-provider-6.2.8.Final.jar"/>
    </resources>

    <dependencies>
        <module name="org.glassfish.jaxb"/>
        <module name="jakarta.xml.bind.api"/>
        <module name="jakarta.enterprise.api"/>
        <module name="jakarta.servlet.api"/>
        <module name="jakarta.ws.rs.api"/>
        <module name="org.jboss.resteasy.resteasy-core"/>
        <module name="org.jboss.resteasy.resteasy-core-spi"/>
        <module name="org.jboss.resteasy.resteasy-jaxb-provider"/>
        <module name="org.jboss.logging"/>
        <module name="java.xml"/>
    </dependencies>
</module>
