<?xml version="1.0" encoding="UTF-8"?>
<!--
  ~ Copyright The WildFly Authors
  ~ SPDX-License-Identifier: Apache-2.0
  -->
<module name="org.wildfly.clustering.service" xmlns="urn:jboss:module:1.9">
    <properties>
        <property name="jboss.api" value="private"/>
    </properties>

    <resources>
        <resource-root path="wildfly-clustering-service-32.0.0.Final.jar"/>
    </resources>

    <dependencies>
        <module name="org.jboss.logging"/>
        <module name="org.jboss.msc"/>
        <module name="org.jboss.threads"/>
        <module name="org.wildfly.common"/>
    </dependencies>

</module>
