<?xml version="1.0" encoding="UTF-8"?>
<!--
  ~ Copyright The WildFly Authors
  ~ SPDX-License-Identifier: Apache-2.0
  -->
<module name="org.jboss.resteasy.resteasy-validator-provider" xmlns="urn:jboss:module:1.9">

    <resources>
        <resource-root path="resteasy-validator-provider-6.2.8.Final.jar"/>
    </resources>

    <dependencies>
        <module name="java.naming"/>
        <module name="jakarta.ws.rs.api"/>
        <module name="org.jboss.resteasy.resteasy-core"/>
        <module name="org.jboss.resteasy.resteasy-core-spi"/>
        <module name="jakarta.validation.api"/>
        <module name="jakarta.xml.bind.api"/>
        <module name="org.hibernate.validator"/>
        <module name="com.fasterxml.classmate"/>
        <module name="jakarta.persistence.api"/>
        <module name="org.jboss.resteasy.resteasy-cdi"/>
        <module name="jakarta.enterprise.api"/>
        <module name="org.jboss.logging"/>
    </dependencies>
</module>
