<?xml version="1.0" encoding="UTF-8"?>
<!--
  ~ Copyright The WildFly Authors
  ~ SPDX-License-Identifier: Apache-2.0
  -->
<module name="org.jboss.as.web-common" xmlns="urn:jboss:module:1.9">
    <properties>
        <property name="jboss.api" value="private"/>
    </properties>

    <resources>
        <resource-root path="wildfly-web-common-32.0.0.Final.jar"/>
    </resources>

    <dependencies>
        <module name="java.naming"/>
        <module name="java.xml"/>
        <module name="jakarta.security.auth.message.api"/>
        <module name="jakarta.servlet.api"/>
        <module name="jakarta.servlet.jsp.api"/>
        <module name="org.jboss.staxmapper"/>
        <module name="org.jboss.as.controller"/>
        <module name="org.jboss.as.ee"/>
        <module name="org.jboss.as.naming"/>
        <module name="org.jboss.as.server"/>
        <module name="org.jboss.metadata.common"/>
        <module name="org.jboss.metadata.web"/>
        <module name="org.jboss.modules"/>
        <module name="org.jboss.msc"/>
        <module name="org.wildfly.common"/>
        <module name="org.wildfly.security.elytron-private"/>
    </dependencies>
</module>
