<?xml version="1.0" encoding="UTF-8"?>
<!--
  ~ Copyright The WildFly Authors
  ~ SPDX-License-Identifier: Apache-2.0
  -->
<module name="com.fasterxml.jackson.datatype.jackson-datatype-jdk8" xmlns="urn:jboss:module:1.9">
     <resources>
        <resource-root path="jackson-datatype-jdk8-2.15.4.jar"/>
    </resources>

    <dependencies>
        <module name="com.fasterxml.jackson.core.jackson-core"/>
        <module name="com.fasterxml.jackson.core.jackson-databind"/>
        <module name="com.fasterxml.jackson.core.jackson-annotations"/>
    </dependencies>
</module>
