<?xml version="1.0" encoding="UTF-8"?>
<!--
  ~ Copyright The WildFly Authors
  ~ SPDX-License-Identifier: Apache-2.0
  -->
<module name="org.jboss.as.jaxrs" xmlns="urn:jboss:module:1.9">

    <properties>
        <property name="jboss.api" value="private"/>
    </properties>

    <exports>
        <exclude path="org/jboss/as/jaxrs/logging"/>
    </exports>

    <resources>
        <resource-root path="wildfly-jaxrs-32.0.0.Final.jar"/>
    </resources>

    <dependencies>
        <module name="java.logging"/>
        <module name="jakarta.enterprise.api"/>
        <module name="jakarta.ws.rs.api"/>
        <module name="jakarta.servlet.api"/>
        <module name="org.jboss.as.controller"/>
        <module name="org.jboss.as.ee"/>
        <module name="org.wildfly.security.elytron-private"/>
        <module name="org.jboss.as.server"/>
        <module name="org.jboss.as.web-common"/>
        <!-- Only used if capability org.wildfly.weld is available -->
        <module name="org.jboss.as.weld.common" optional="true"/>
        <module name="org.wildfly.extension.undertow"/>
        <module name="io.undertow.core"/>
        <module name="io.undertow.servlet"/>
        <module name="io.smallrye.jandex"/>
        <module name="org.jboss.metadata.common"/>
        <module name="org.jboss.metadata.web"/>
        <module name="org.jboss.modules"/>
        <module name="org.jboss.msc"/>
        <module name="org.jboss.logging"/>
        <module name="org.jboss.logmanager"/>
        <module name="org.jboss.resteasy.resteasy-atom-provider" optional="true"/>
        <module name="org.jboss.resteasy.resteasy-cdi" optional="true"/>
        <module name="org.jboss.resteasy.resteasy-crypto" optional="true"/>
        <module name="org.jboss.resteasy.resteasy-client"/>
        <module name="org.jboss.resteasy.resteasy-client-api"/>
        <module name="org.jboss.resteasy.resteasy-core"/>
        <module name="org.jboss.resteasy.resteasy-core-spi"/>
        <module name="org.jboss.resteasy.resteasy-jaxb-provider" optional="true"/>
        <module name="org.jboss.resteasy.resteasy-jackson2-provider" optional="true"/>
        <module name="org.jboss.resteasy.resteasy-jsapi" optional="true"/>
        <module name="org.jboss.resteasy.resteasy-multipart-provider" optional="true"/>
        <module name="org.jboss.resteasy.resteasy-spring" optional="true"/>
        <module name="org.jboss.resteasy.resteasy-validator-provider" optional="true"/>
        <module name="org.jboss.staxmapper"/>
        <module name="org.jboss.vfs"/>
        <module name="java.xml"/>
    </dependencies>
</module>
