<?xml version="1.0" encoding="UTF-8" standalone="no"?>
<licenseSummary>
  <dependencies>
    <dependency>
      <groupId>com.fasterxml.jackson.dataformat</groupId>
      <artifactId>jackson-dataformat-yaml</artifactId>
      <version>2.15.4</version>
      <licenses>
        <license>
          <name>Apache License 2.0</name>
          <url>https://www.apache.org/licenses/LICENSE-2.0</url>
          <distribution>repo</distribution>
        </license>
      </licenses>
    </dependency>
    <dependency>
      <groupId>com.fasterxml.jackson.jr</groupId>
      <artifactId>jackson-jr-objects</artifactId>
      <version>Not Installed</version>
      <licenses>
        <license>
          <name>Apache License 2.0</name>
          <url>https://www.apache.org/licenses/LICENSE-2.0</url>
          <distribution>repo</distribution>
        </license>
      </licenses>
    </dependency>
    <dependency>
      <groupId>com.github.luben</groupId>
      <artifactId>zstd-jni</artifactId>
      <version>Not Installed</version>
      <licenses>
        <license>
          <name>BSD 2-clause "Simplified" License</name>
          <url>https://opensource.org/license/BSD-2-Clause/</url>
          <distribution>repo</distribution>
        </license>
      </licenses>
    </dependency>
    <dependency>
      <groupId>com.google.api.grpc</groupId>
      <artifactId>proto-google-common-protos</artifactId>
      <version>Not Installed</version>
      <licenses>
        <license>
          <name>Apache License 2.0</name>
          <url>https://www.apache.org/licenses/LICENSE-2.0</url>
          <distribution>repo</distribution>
        </license>
      </licenses>
    </dependency>
    <dependency>
      <groupId>com.google.protobuf</groupId>
      <artifactId>protobuf-java</artifactId>
      <version>Not Installed</version>
      <licenses>
        <license>
          <name>BSD 3-Clause "New" or "Revised" License</name>
          <url>https://www.opensource.org/licenses/BSD-3-Clause</url>
          <distribution>repo</distribution>
        </license>
      </licenses>
    </dependency>
    <dependency>
      <groupId>com.google.protobuf</groupId>
      <artifactId>protobuf-java-util</artifactId>
      <version>Not Installed</version>
      <licenses>
        <license>
          <name>BSD 3-Clause "New" or "Revised" License</name>
          <url>https://www.opensource.org/licenses/BSD-3-Clause</url>
          <distribution>repo</distribution>
        </license>
      </licenses>
    </dependency>
    <dependency>
      <groupId>com.squareup.okio</groupId>
      <artifactId>okio-jvm</artifactId>
      <version>Not Installed</version>
      <licenses>
        <license>
          <name>Apache License 2.0</name>
          <url>https://www.apache.org/licenses/LICENSE-2.0</url>
          <distribution>repo</distribution>
        </license>
      </licenses>
    </dependency>
    <dependency>
      <groupId>io.grpc</groupId>
      <artifactId>grpc-api</artifactId>
      <version>Not Installed</version>
      <licenses>
        <license>
          <name>Apache License 2.0</name>
          <url>https://www.apache.org/licenses/LICENSE-2.0</url>
          <distribution>repo</distribution>
        </license>
      </licenses>
    </dependency>
    <dependency>
      <groupId>io.micrometer</groupId>
      <artifactId>micrometer-commons</artifactId>
      <version>Not Installed</version>
      <licenses>
        <license>
          <name>Apache License 2.0</name>
          <url>https://www.apache.org/licenses/LICENSE-2.0</url>
          <distribution>repo</distribution>
        </license>
      </licenses>
    </dependency>
    <dependency>
      <groupId>io.micrometer</groupId>
      <artifactId>micrometer-core</artifactId>
      <version>Not Installed</version>
      <licenses>
        <license>
          <name>Apache License 2.0</name>
          <url>https://www.apache.org/licenses/LICENSE-2.0</url>
          <distribution>repo</distribution>
        </license>
      </licenses>
    </dependency>
    <dependency>
      <groupId>io.micrometer</groupId>
      <artifactId>micrometer-registry-otlp</artifactId>
      <version>Not Installed</version>
      <licenses>
        <license>
          <name>Apache License 2.0</name>
          <url>https://www.apache.org/licenses/LICENSE-2.0</url>
          <distribution>repo</distribution>
        </license>
      </licenses>
    </dependency>
    <dependency>
      <groupId>io.netty</groupId>
      <artifactId>netty-codec-http2</artifactId>
      <version>Not Installed</version>
      <licenses>
        <license>
          <name>Apache License 2.0</name>
          <url>https://www.apache.org/licenses/LICENSE-2.0</url>
          <distribution>repo</distribution>
        </license>
      </licenses>
    </dependency>
    <dependency>
      <groupId>io.opentelemetry</groupId>
      <artifactId>opentelemetry-api</artifactId>
      <version>Not Installed</version>
      <licenses>
        <license>
          <name>Apache License 2.0</name>
          <url>https://www.apache.org/licenses/LICENSE-2.0</url>
          <distribution>repo</distribution>
        </license>
      </licenses>
    </dependency>
    <dependency>
      <groupId>io.opentelemetry</groupId>
      <artifactId>opentelemetry-api-events</artifactId>
      <version>Not Installed</version>
      <licenses>
        <license>
          <name>Apache License 2.0</name>
          <url>https://www.apache.org/licenses/LICENSE-2.0</url>
          <distribution>repo</distribution>
        </license>
      </licenses>
    </dependency>
    <dependency>
      <groupId>io.opentelemetry</groupId>
      <artifactId>opentelemetry-context</artifactId>
      <version>Not Installed</version>
      <licenses>
        <license>
          <name>Apache License 2.0</name>
          <url>https://www.apache.org/licenses/LICENSE-2.0</url>
          <distribution>repo</distribution>
        </license>
      </licenses>
    </dependency>
    <dependency>
      <groupId>io.opentelemetry</groupId>
      <artifactId>opentelemetry-exporter-common</artifactId>
      <version>Not Installed</version>
      <licenses>
        <license>
          <name>Apache License 2.0</name>
          <url>https://www.apache.org/licenses/LICENSE-2.0</url>
          <distribution>repo</distribution>
        </license>
      </licenses>
    </dependency>
    <dependency>
      <groupId>io.opentelemetry</groupId>
      <artifactId>opentelemetry-exporter-otlp</artifactId>
      <version>Not Installed</version>
      <licenses>
        <license>
          <name>Apache License 2.0</name>
          <url>https://www.apache.org/licenses/LICENSE-2.0</url>
          <distribution>repo</distribution>
        </license>
      </licenses>
    </dependency>
    <dependency>
      <groupId>io.opentelemetry</groupId>
      <artifactId>opentelemetry-exporter-otlp-common</artifactId>
      <version>Not Installed</version>
      <licenses>
        <license>
          <name>Apache License 2.0</name>
          <url>https://www.apache.org/licenses/LICENSE-2.0</url>
          <distribution>repo</distribution>
        </license>
      </licenses>
    </dependency>
    <dependency>
      <groupId>io.opentelemetry</groupId>
      <artifactId>opentelemetry-sdk</artifactId>
      <version>Not Installed</version>
      <licenses>
        <license>
          <name>Apache License 2.0</name>
          <url>https://www.apache.org/licenses/LICENSE-2.0</url>
          <distribution>repo</distribution>
        </license>
      </licenses>
    </dependency>
    <dependency>
      <groupId>io.opentelemetry</groupId>
      <artifactId>opentelemetry-sdk-common</artifactId>
      <version>Not Installed</version>
      <licenses>
        <license>
          <name>Apache License 2.0</name>
          <url>https://www.apache.org/licenses/LICENSE-2.0</url>
          <distribution>repo</distribution>
        </license>
      </licenses>
    </dependency>
    <dependency>
      <groupId>io.opentelemetry</groupId>
      <artifactId>opentelemetry-sdk-extension-autoconfigure</artifactId>
      <version>Not Installed</version>
      <licenses>
        <license>
          <name>Apache License 2.0</name>
          <url>https://www.apache.org/licenses/LICENSE-2.0</url>
          <distribution>repo</distribution>
        </license>
      </licenses>
    </dependency>
    <dependency>
      <groupId>io.opentelemetry</groupId>
      <artifactId>opentelemetry-sdk-extension-autoconfigure-spi</artifactId>
      <version>Not Installed</version>
      <licenses>
        <license>
          <name>Apache License 2.0</name>
          <url>https://www.apache.org/licenses/LICENSE-2.0</url>
          <distribution>repo</distribution>
        </license>
      </licenses>
    </dependency>
    <dependency>
      <groupId>io.opentelemetry</groupId>
      <artifactId>opentelemetry-sdk-logs</artifactId>
      <version>Not Installed</version>
      <licenses>
        <license>
          <name>Apache License 2.0</name>
          <url>https://www.apache.org/licenses/LICENSE-2.0</url>
          <distribution>repo</distribution>
        </license>
      </licenses>
    </dependency>
    <dependency>
      <groupId>io.opentelemetry</groupId>
      <artifactId>opentelemetry-sdk-metrics</artifactId>
      <version>Not Installed</version>
      <licenses>
        <license>
          <name>Apache License 2.0</name>
          <url>https://www.apache.org/licenses/LICENSE-2.0</url>
          <distribution>repo</distribution>
        </license>
      </licenses>
    </dependency>
    <dependency>
      <groupId>io.opentelemetry</groupId>
      <artifactId>opentelemetry-sdk-trace</artifactId>
      <version>Not Installed</version>
      <licenses>
        <license>
          <name>Apache License 2.0</name>
          <url>https://www.apache.org/licenses/LICENSE-2.0</url>
          <distribution>repo</distribution>
        </license>
      </licenses>
    </dependency>
    <dependency>
      <groupId>io.opentelemetry</groupId>
      <artifactId>opentelemetry-semconv</artifactId>
      <version>Not Installed</version>
      <licenses>
        <license>
          <name>Apache License 2.0</name>
          <url>https://www.apache.org/licenses/LICENSE-2.0</url>
          <distribution>repo</distribution>
        </license>
      </licenses>
    </dependency>
    <dependency>
      <groupId>io.opentelemetry.instrumentation</groupId>
      <artifactId>opentelemetry-instrumentation-annotations</artifactId>
      <version>Not Installed</version>
      <licenses>
        <license>
          <name>Apache License 2.0</name>
          <url>https://www.apache.org/licenses/LICENSE-2.0</url>
          <distribution>repo</distribution>
        </license>
      </licenses>
    </dependency>
    <dependency>
      <groupId>io.opentelemetry.instrumentation</groupId>
      <artifactId>opentelemetry-instrumentation-annotations-support</artifactId>
      <version>Not Installed</version>
      <licenses>
        <license>
          <name>Apache License 2.0</name>
          <url>https://www.apache.org/licenses/LICENSE-2.0</url>
          <distribution>repo</distribution>
        </license>
      </licenses>
    </dependency>
    <dependency>
      <groupId>io.opentelemetry.instrumentation</groupId>
      <artifactId>opentelemetry-instrumentation-api</artifactId>
      <version>Not Installed</version>
      <licenses>
        <license>
          <name>Apache License 2.0</name>
          <url>https://www.apache.org/licenses/LICENSE-2.0</url>
          <distribution>repo</distribution>
        </license>
      </licenses>
    </dependency>
    <dependency>
      <groupId>io.opentelemetry.instrumentation</groupId>
      <artifactId>opentelemetry-instrumentation-api-semconv</artifactId>
      <version>Not Installed</version>
      <licenses>
        <license>
          <name>Apache License 2.0</name>
          <url>https://www.apache.org/licenses/LICENSE-2.0</url>
          <distribution>repo</distribution>
        </license>
      </licenses>
    </dependency>
    <dependency>
      <groupId>io.opentelemetry.proto</groupId>
      <artifactId>opentelemetry-proto</artifactId>
      <version>Not Installed</version>
      <licenses>
        <license>
          <name>Apache License 2.0</name>
          <url>https://www.apache.org/licenses/LICENSE-2.0</url>
          <distribution>repo</distribution>
        </license>
      </licenses>
    </dependency>
    <dependency>
      <groupId>io.perfmark</groupId>
      <artifactId>perfmark-api</artifactId>
      <version>Not Installed</version>
      <licenses>
        <license>
          <name>Apache License 2.0</name>
          <url>https://www.apache.org/licenses/LICENSE-2.0</url>
          <distribution>repo</distribution>
        </license>
      </licenses>
    </dependency>
    <dependency>
      <groupId>io.smallrye</groupId>
      <artifactId>smallrye-fault-tolerance</artifactId>
      <version>Not Installed</version>
      <licenses>
        <license>
          <name>Apache License 2.0</name>
          <url>https://www.apache.org/licenses/LICENSE-2.0</url>
          <distribution>repo</distribution>
        </license>
      </licenses>
    </dependency>
    <dependency>
      <groupId>io.smallrye</groupId>
      <artifactId>smallrye-fault-tolerance-api</artifactId>
      <version>Not Installed</version>
      <licenses>
        <license>
          <name>Apache License 2.0</name>
          <url>https://www.apache.org/licenses/LICENSE-2.0</url>
          <distribution>repo</distribution>
        </license>
      </licenses>
    </dependency>
    <dependency>
      <groupId>io.smallrye</groupId>
      <artifactId>smallrye-fault-tolerance-autoconfig-core</artifactId>
      <version>Not Installed</version>
      <licenses>
        <license>
          <name>Apache License 2.0</name>
          <url>https://www.apache.org/licenses/LICENSE-2.0</url>
          <distribution>repo</distribution>
        </license>
      </licenses>
    </dependency>
    <dependency>
      <groupId>io.smallrye</groupId>
      <artifactId>smallrye-fault-tolerance-core</artifactId>
      <version>Not Installed</version>
      <licenses>
        <license>
          <name>Apache License 2.0</name>
          <url>https://www.apache.org/licenses/LICENSE-2.0</url>
          <distribution>repo</distribution>
        </license>
      </licenses>
    </dependency>
    <dependency>
      <groupId>io.smallrye</groupId>
      <artifactId>smallrye-health</artifactId>
      <version>Not Installed</version>
      <licenses>
        <license>
          <name>Apache License 2.0</name>
          <url>https://www.apache.org/licenses/LICENSE-2.0</url>
          <distribution>repo</distribution>
        </license>
      </licenses>
    </dependency>
    <dependency>
      <groupId>io.smallrye</groupId>
      <artifactId>smallrye-jwt</artifactId>
      <version>Not Installed</version>
      <licenses>
        <license>
          <name>Apache License 2.0</name>
          <url>https://www.apache.org/licenses/LICENSE-2.0</url>
          <distribution>repo</distribution>
        </license>
      </licenses>
    </dependency>
    <dependency>
      <groupId>io.smallrye</groupId>
      <artifactId>smallrye-jwt-cdi-extension</artifactId>
      <version>Not Installed</version>
      <licenses>
        <license>
          <name>Apache License 2.0</name>
          <url>https://www.apache.org/licenses/LICENSE-2.0</url>
          <distribution>repo</distribution>
        </license>
      </licenses>
    </dependency>
    <dependency>
      <groupId>io.smallrye</groupId>
      <artifactId>smallrye-jwt-common</artifactId>
      <version>Not Installed</version>
      <licenses>
        <license>
          <name>Apache License 2.0</name>
          <url>https://www.apache.org/licenses/LICENSE-2.0</url>
          <distribution>repo</distribution>
        </license>
      </licenses>
    </dependency>
    <dependency>
      <groupId>io.smallrye</groupId>
      <artifactId>smallrye-jwt-http-mechanism</artifactId>
      <version>Not Installed</version>
      <licenses>
        <license>
          <name>Apache License 2.0</name>
          <url>https://www.apache.org/licenses/LICENSE-2.0</url>
          <distribution>repo</distribution>
        </license>
      </licenses>
    </dependency>
    <dependency>
      <groupId>io.smallrye</groupId>
      <artifactId>smallrye-open-api-core</artifactId>
      <version>3.10.0</version>
      <licenses>
        <license>
          <name>Apache License 2.0</name>
          <url>https://www.apache.org/licenses/LICENSE-2.0</url>
          <distribution>repo</distribution>
        </license>
      </licenses>
    </dependency>
    <dependency>
      <groupId>io.smallrye</groupId>
      <artifactId>smallrye-open-api-jaxrs</artifactId>
      <version>3.10.0</version>
      <licenses>
        <license>
          <name>Apache License 2.0</name>
          <url>https://www.apache.org/licenses/LICENSE-2.0</url>
          <distribution>repo</distribution>
        </license>
      </licenses>
    </dependency>
    <dependency>
      <groupId>io.smallrye.common</groupId>
      <artifactId>smallrye-common-annotation</artifactId>
      <version>Not Installed</version>
      <licenses>
        <license>
          <name>Apache License 2.0</name>
          <url>https://www.apache.org/licenses/LICENSE-2.0</url>
          <distribution>repo</distribution>
        </license>
      </licenses>
    </dependency>
    <dependency>
      <groupId>io.smallrye.common</groupId>
      <artifactId>smallrye-common-classloader</artifactId>
      <version>2.3.0</version>
      <licenses>
        <license>
          <name>Apache License 2.0</name>
          <url>https://www.apache.org/licenses/LICENSE-2.0</url>
          <distribution>repo</distribution>
        </license>
      </licenses>
    </dependency>
    <dependency>
      <groupId>io.smallrye.common</groupId>
      <artifactId>smallrye-common-constraint</artifactId>
      <version>2.3.0</version>
      <licenses>
        <license>
          <name>Apache License 2.0</name>
          <url>https://www.apache.org/licenses/LICENSE-2.0</url>
          <distribution>repo</distribution>
        </license>
      </licenses>
    </dependency>
    <dependency>
      <groupId>io.smallrye.common</groupId>
      <artifactId>smallrye-common-expression</artifactId>
      <version>2.3.0</version>
      <licenses>
        <license>
          <name>Apache License 2.0</name>
          <url>https://www.apache.org/licenses/LICENSE-2.0</url>
          <distribution>repo</distribution>
        </license>
      </licenses>
    </dependency>
    <dependency>
      <groupId>io.smallrye.common</groupId>
      <artifactId>smallrye-common-function</artifactId>
      <version>2.3.0</version>
      <licenses>
        <license>
          <name>Apache License 2.0</name>
          <url>https://www.apache.org/licenses/LICENSE-2.0</url>
          <distribution>repo</distribution>
        </license>
      </licenses>
    </dependency>
    <dependency>
      <groupId>io.smallrye.common</groupId>
      <artifactId>smallrye-common-vertx-context</artifactId>
      <version>Not Installed</version>
      <licenses>
        <license>
          <name>Apache License 2.0</name>
          <url>https://www.apache.org/licenses/LICENSE-2.0</url>
          <distribution>repo</distribution>
        </license>
      </licenses>
    </dependency>
    <dependency>
      <groupId>io.smallrye.config</groupId>
      <artifactId>smallrye-config</artifactId>
      <version>3.7.1</version>
      <licenses>
        <license>
          <name>Apache License 2.0</name>
          <url>https://www.apache.org/licenses/LICENSE-2.0</url>
          <distribution>repo</distribution>
        </license>
      </licenses>
    </dependency>
    <dependency>
      <groupId>io.smallrye.config</groupId>
      <artifactId>smallrye-config-common</artifactId>
      <version>3.7.1</version>
      <licenses>
        <license>
          <name>Apache License 2.0</name>
          <url>https://www.apache.org/licenses/LICENSE-2.0</url>
          <distribution>repo</distribution>
        </license>
      </licenses>
    </dependency>
    <dependency>
      <groupId>io.smallrye.config</groupId>
      <artifactId>smallrye-config-core</artifactId>
      <version>3.7.1</version>
      <licenses>
        <license>
          <name>Apache License 2.0</name>
          <url>https://www.apache.org/licenses/LICENSE-2.0</url>
          <distribution>repo</distribution>
        </license>
      </licenses>
    </dependency>
    <dependency>
      <groupId>io.smallrye.config</groupId>
      <artifactId>smallrye-config-source-file-system</artifactId>
      <version>3.7.1</version>
      <licenses>
        <license>
          <name>Apache License 2.0</name>
          <url>https://www.apache.org/licenses/LICENSE-2.0</url>
          <distribution>repo</distribution>
        </license>
      </licenses>
    </dependency>
    <dependency>
      <groupId>io.smallrye.opentelemetry</groupId>
      <artifactId>smallrye-opentelemetry-api</artifactId>
      <version>Not Installed</version>
      <licenses>
        <license>
          <name>Apache License 2.0</name>
          <url>https://www.apache.org/licenses/LICENSE-2.0</url>
          <distribution>repo</distribution>
        </license>
      </licenses>
    </dependency>
    <dependency>
      <groupId>io.smallrye.opentelemetry</groupId>
      <artifactId>smallrye-opentelemetry-cdi</artifactId>
      <version>Not Installed</version>
      <licenses>
        <license>
          <name>Apache License 2.0</name>
          <url>https://www.apache.org/licenses/LICENSE-2.0</url>
          <distribution>repo</distribution>
        </license>
      </licenses>
    </dependency>
    <dependency>
      <groupId>io.smallrye.opentelemetry</groupId>
      <artifactId>smallrye-opentelemetry-exporters</artifactId>
      <version>Not Installed</version>
      <licenses>
        <license>
          <name>Apache License 2.0</name>
          <url>https://www.apache.org/licenses/LICENSE-2.0</url>
          <distribution>repo</distribution>
        </license>
      </licenses>
    </dependency>
    <dependency>
      <groupId>io.smallrye.opentelemetry</groupId>
      <artifactId>smallrye-opentelemetry-propagation</artifactId>
      <version>Not Installed</version>
      <licenses>
        <license>
          <name>Apache License 2.0</name>
          <url>https://www.apache.org/licenses/LICENSE-2.0</url>
          <distribution>repo</distribution>
        </license>
      </licenses>
    </dependency>
    <dependency>
      <groupId>io.smallrye.opentelemetry</groupId>
      <artifactId>smallrye-opentelemetry-rest</artifactId>
      <version>Not Installed</version>
      <licenses>
        <license>
          <name>Apache License 2.0</name>
          <url>https://www.apache.org/licenses/LICENSE-2.0</url>
          <distribution>repo</distribution>
        </license>
      </licenses>
    </dependency>
    <dependency>
      <groupId>io.smallrye.reactive</groupId>
      <artifactId>mutiny</artifactId>
      <version>Not Installed</version>
      <licenses>
        <license>
          <name>Apache License 2.0</name>
          <url>https://www.apache.org/licenses/LICENSE-2.0</url>
          <distribution>repo</distribution>
        </license>
      </licenses>
    </dependency>
    <dependency>
      <groupId>io.smallrye.reactive</groupId>
      <artifactId>mutiny-reactive-streams-operators</artifactId>
      <version>Not Installed</version>
      <licenses>
        <license>
          <name>Apache License 2.0</name>
          <url>https://www.apache.org/licenses/LICENSE-2.0</url>
          <distribution>repo</distribution>
        </license>
      </licenses>
    </dependency>
    <dependency>
      <groupId>io.smallrye.reactive</groupId>
      <artifactId>mutiny-zero</artifactId>
      <version>Not Installed</version>
      <licenses>
        <license>
          <name>Apache License 2.0</name>
          <url>https://www.apache.org/licenses/LICENSE-2.0</url>
          <distribution>repo</distribution>
        </license>
      </licenses>
    </dependency>
    <dependency>
      <groupId>io.smallrye.reactive</groupId>
      <artifactId>mutiny-zero-flow-adapters</artifactId>
      <version>Not Installed</version>
      <licenses>
        <license>
          <name>Apache License 2.0</name>
          <url>https://www.apache.org/licenses/LICENSE-2.0</url>
          <distribution>repo</distribution>
        </license>
      </licenses>
    </dependency>
    <dependency>
      <groupId>io.smallrye.reactive</groupId>
      <artifactId>smallrye-mutiny-vertx-amqp-client</artifactId>
      <version>Not Installed</version>
      <licenses>
        <license>
          <name>Apache License 2.0</name>
          <url>https://www.apache.org/licenses/LICENSE-2.0</url>
          <distribution>repo</distribution>
        </license>
      </licenses>
    </dependency>
    <dependency>
      <groupId>io.smallrye.reactive</groupId>
      <artifactId>smallrye-mutiny-vertx-core</artifactId>
      <version>Not Installed</version>
      <licenses>
        <license>
          <name>Apache License 2.0</name>
          <url>https://www.apache.org/licenses/LICENSE-2.0</url>
          <distribution>repo</distribution>
        </license>
      </licenses>
    </dependency>
    <dependency>
      <groupId>io.smallrye.reactive</groupId>
      <artifactId>smallrye-mutiny-vertx-kafka-client</artifactId>
      <version>Not Installed</version>
      <licenses>
        <license>
          <name>Apache License 2.0</name>
          <url>https://www.apache.org/licenses/LICENSE-2.0</url>
          <distribution>repo</distribution>
        </license>
      </licenses>
    </dependency>
    <dependency>
      <groupId>io.smallrye.reactive</groupId>
      <artifactId>smallrye-mutiny-vertx-runtime</artifactId>
      <version>Not Installed</version>
      <licenses>
        <license>
          <name>Apache License 2.0</name>
          <url>https://www.apache.org/licenses/LICENSE-2.0</url>
          <distribution>repo</distribution>
        </license>
      </licenses>
    </dependency>
    <dependency>
      <groupId>io.smallrye.reactive</groupId>
      <artifactId>smallrye-reactive-converter-api</artifactId>
      <version>Not Installed</version>
      <licenses>
        <license>
          <name>Apache License 2.0</name>
          <url>https://www.apache.org/licenses/LICENSE-2.0</url>
          <distribution>repo</distribution>
        </license>
      </licenses>
    </dependency>
    <dependency>
      <groupId>io.smallrye.reactive</groupId>
      <artifactId>smallrye-reactive-messaging-amqp</artifactId>
      <version>Not Installed</version>
      <licenses>
        <license>
          <name>Apache License 2.0</name>
          <url>https://www.apache.org/licenses/LICENSE-2.0</url>
          <distribution>repo</distribution>
        </license>
      </licenses>
    </dependency>
    <dependency>
      <groupId>io.smallrye.reactive</groupId>
      <artifactId>smallrye-reactive-messaging-api</artifactId>
      <version>Not Installed</version>
      <licenses>
        <license>
          <name>Apache License 2.0</name>
          <url>https://www.apache.org/licenses/LICENSE-2.0</url>
          <distribution>repo</distribution>
        </license>
      </licenses>
    </dependency>
    <dependency>
      <groupId>io.smallrye.reactive</groupId>
      <artifactId>smallrye-reactive-messaging-kafka</artifactId>
      <version>Not Installed</version>
      <licenses>
        <license>
          <name>Apache License 2.0</name>
          <url>https://www.apache.org/licenses/LICENSE-2.0</url>
          <distribution>repo</distribution>
        </license>
      </licenses>
    </dependency>
    <dependency>
      <groupId>io.smallrye.reactive</groupId>
      <artifactId>smallrye-reactive-messaging-kafka-api</artifactId>
      <version>Not Installed</version>
      <licenses>
        <license>
          <name>Apache License 2.0</name>
          <url>https://www.apache.org/licenses/LICENSE-2.0</url>
          <distribution>repo</distribution>
        </license>
      </licenses>
    </dependency>
    <dependency>
      <groupId>io.smallrye.reactive</groupId>
      <artifactId>smallrye-reactive-messaging-provider</artifactId>
      <version>Not Installed</version>
      <licenses>
        <license>
          <name>Apache License 2.0</name>
          <url>https://www.apache.org/licenses/LICENSE-2.0</url>
          <distribution>repo</distribution>
        </license>
      </licenses>
    </dependency>
    <dependency>
      <groupId>io.vertx</groupId>
      <artifactId>vertx-amqp-client</artifactId>
      <version>Not Installed</version>
      <licenses>
        <license>
          <name>Apache License 2.0</name>
          <url>https://www.apache.org/licenses/LICENSE-2.0</url>
          <distribution>repo</distribution>
        </license>
        <license>
          <name>Eclipse Public License 1.0</name>
          <url>https://repository.jboss.org/licenses/epl-1.0.txt</url>
          <distribution>repo</distribution>
        </license>
      </licenses>
    </dependency>
    <dependency>
      <groupId>io.vertx</groupId>
      <artifactId>vertx-core</artifactId>
      <version>Not Installed</version>
      <licenses>
        <license>
          <name>Apache License 2.0</name>
          <url>https://www.apache.org/licenses/LICENSE-2.0</url>
          <distribution>repo</distribution>
        </license>
        <license>
          <name>Eclipse Public License 2.0</name>
          <url>https://www.eclipse.org/legal/epl-v20.html</url>
          <distribution>repo</distribution>
        </license>
      </licenses>
    </dependency>
    <dependency>
      <groupId>io.vertx</groupId>
      <artifactId>vertx-grpc-client</artifactId>
      <version>Not Installed</version>
      <licenses>
        <license>
          <name>Apache License 2.0</name>
          <url>https://www.apache.org/licenses/LICENSE-2.0</url>
          <distribution>repo</distribution>
        </license>
        <license>
          <name>Eclipse Public License 1.0</name>
          <url>https://repository.jboss.org/licenses/epl-1.0.txt</url>
          <distribution>repo</distribution>
        </license>
      </licenses>
    </dependency>
    <dependency>
      <groupId>io.vertx</groupId>
      <artifactId>vertx-grpc-common</artifactId>
      <version>Not Installed</version>
      <licenses>
        <license>
          <name>Apache License 2.0</name>
          <url>https://www.apache.org/licenses/LICENSE-2.0</url>
          <distribution>repo</distribution>
        </license>
        <license>
          <name>Eclipse Public License 1.0</name>
          <url>https://repository.jboss.org/licenses/epl-1.0.txt</url>
          <distribution>repo</distribution>
        </license>
      </licenses>
    </dependency>
    <dependency>
      <groupId>io.vertx</groupId>
      <artifactId>vertx-kafka-client</artifactId>
      <version>Not Installed</version>
      <licenses>
        <license>
          <name>Apache License 2.0</name>
          <url>https://www.apache.org/licenses/LICENSE-2.0</url>
          <distribution>repo</distribution>
        </license>
        <license>
          <name>Eclipse Public License 1.0</name>
          <url>https://repository.jboss.org/licenses/epl-1.0.txt</url>
          <distribution>repo</distribution>
        </license>
      </licenses>
    </dependency>
    <dependency>
      <groupId>io.vertx</groupId>
      <artifactId>vertx-proton</artifactId>
      <version>Not Installed</version>
      <licenses>
        <license>
          <name>Apache License 2.0</name>
          <url>https://www.apache.org/licenses/LICENSE-2.0</url>
          <distribution>repo</distribution>
        </license>
      </licenses>
    </dependency>
    <dependency>
      <groupId>jakarta.mvc</groupId>
      <artifactId>jakarta.mvc-api</artifactId>
      <version>Not Installed</version>
      <licenses>
        <license>
          <name>Eclipse Public License 2.0</name>
          <url>https://www.eclipse.org/legal/epl-v20.html</url>
          <distribution>repo</distribution>
        </license>
        <license>
          <name>GNU General Public License v2.0 only, with Classpath exception</name>
          <url>https://fedoraproject.org/wiki/Licensing/GPL_Classpath_Exception</url>
          <distribution>repo</distribution>
        </license>
      </licenses>
    </dependency>
    <dependency>
      <groupId>org.apache.kafka</groupId>
      <artifactId>kafka-clients</artifactId>
      <version>Not Installed</version>
      <licenses>
        <license>
          <name>Apache License 2.0</name>
          <url>https://www.apache.org/licenses/LICENSE-2.0</url>
          <distribution>repo</distribution>
        </license>
      </licenses>
    </dependency>
    <dependency>
      <groupId>org.eclipse.krazo</groupId>
      <artifactId>krazo-core</artifactId>
      <version>Not Installed</version>
      <licenses>
        <license>
          <name>Apache License 2.0</name>
          <url>https://www.apache.org/licenses/LICENSE-2.0</url>
          <distribution>repo</distribution>
        </license>
      </licenses>
    </dependency>
    <dependency>
      <groupId>org.eclipse.krazo</groupId>
      <artifactId>krazo-resteasy</artifactId>
      <version>Not Installed</version>
      <licenses>
        <license>
          <name>Apache License 2.0</name>
          <url>https://www.apache.org/licenses/LICENSE-2.0</url>
          <distribution>repo</distribution>
        </license>
      </licenses>
    </dependency>
    <dependency>
      <groupId>org.eclipse.microprofile.config</groupId>
      <artifactId>microprofile-config-api</artifactId>
      <version>3.1</version>
      <licenses>
        <license>
          <name>Apache License 2.0</name>
          <url>https://www.apache.org/licenses/LICENSE-2.0</url>
          <distribution>repo</distribution>
        </license>
      </licenses>
    </dependency>
    <dependency>
      <groupId>org.eclipse.microprofile.fault-tolerance</groupId>
      <artifactId>microprofile-fault-tolerance-api</artifactId>
      <version>Not Installed</version>
      <licenses>
        <license>
          <name>Apache License 2.0</name>
          <url>https://www.apache.org/licenses/LICENSE-2.0</url>
          <distribution>repo</distribution>
        </license>
      </licenses>
    </dependency>
    <dependency>
      <groupId>org.eclipse.microprofile.health</groupId>
      <artifactId>microprofile-health-api</artifactId>
      <version>Not Installed</version>
      <licenses>
        <license>
          <name>Apache License 2.0</name>
          <url>https://www.apache.org/licenses/LICENSE-2.0</url>
          <distribution>repo</distribution>
        </license>
      </licenses>
    </dependency>
    <dependency>
      <groupId>org.eclipse.microprofile.jwt</groupId>
      <artifactId>microprofile-jwt-auth-api</artifactId>
      <version>Not Installed</version>
      <licenses>
        <license>
          <name>Apache License 2.0</name>
          <url>https://www.apache.org/licenses/LICENSE-2.0</url>
          <distribution>repo</distribution>
        </license>
      </licenses>
    </dependency>
    <dependency>
      <groupId>org.eclipse.microprofile.lra</groupId>
      <artifactId>microprofile-lra-api</artifactId>
      <version>Not Installed</version>
      <licenses>
        <license>
          <name>Apache License 2.0</name>
          <url>https://www.apache.org/licenses/LICENSE-2.0</url>
          <distribution>repo</distribution>
        </license>
      </licenses>
    </dependency>
    <dependency>
      <groupId>org.eclipse.microprofile.openapi</groupId>
      <artifactId>microprofile-openapi-api</artifactId>
      <version>3.1.1</version>
      <licenses>
        <license>
          <name>Apache License 2.0</name>
          <url>https://www.apache.org/licenses/LICENSE-2.0</url>
          <distribution>repo</distribution>
        </license>
      </licenses>
    </dependency>
    <dependency>
      <groupId>org.eclipse.microprofile.reactive-streams-operators</groupId>
      <artifactId>microprofile-reactive-streams-operators-api</artifactId>
      <version>Not Installed</version>
      <licenses>
        <license>
          <name>Apache License 2.0</name>
          <url>https://www.apache.org/licenses/LICENSE-2.0</url>
          <distribution>repo</distribution>
        </license>
      </licenses>
    </dependency>
    <dependency>
      <groupId>org.eclipse.microprofile.reactive-streams-operators</groupId>
      <artifactId>microprofile-reactive-streams-operators-core</artifactId>
      <version>Not Installed</version>
      <licenses>
        <license>
          <name>Apache License 2.0</name>
          <url>https://www.apache.org/licenses/LICENSE-2.0</url>
          <distribution>repo</distribution>
        </license>
      </licenses>
    </dependency>
    <dependency>
      <groupId>org.eclipse.microprofile.rest.client</groupId>
      <artifactId>microprofile-rest-client-api</artifactId>
      <version>Not Installed</version>
      <licenses>
        <license>
          <name>Apache License 2.0</name>
          <url>https://www.apache.org/licenses/LICENSE-2.0</url>
          <distribution>repo</distribution>
        </license>
      </licenses>
    </dependency>
    <dependency>
      <groupId>org.jboss.narayana.rts</groupId>
      <artifactId>lra-client</artifactId>
      <version>Not Installed</version>
      <licenses>
        <license>
          <name>Apache License 2.0</name>
          <url>https://www.apache.org/licenses/LICENSE-2.0</url>
          <distribution>repo</distribution>
        </license>
      </licenses>
    </dependency>
    <dependency>
      <groupId>org.jboss.narayana.rts</groupId>
      <artifactId>lra-coordinator-jar</artifactId>
      <version>Not Installed</version>
      <licenses>
        <license>
          <name>Apache License 2.0</name>
          <url>https://www.apache.org/licenses/LICENSE-2.0</url>
          <distribution>repo</distribution>
        </license>
      </licenses>
    </dependency>
    <dependency>
      <groupId>org.jboss.narayana.rts</groupId>
      <artifactId>lra-proxy-api</artifactId>
      <version>Not Installed</version>
      <licenses>
        <license>
          <name>Apache License 2.0</name>
          <url>https://www.apache.org/licenses/LICENSE-2.0</url>
          <distribution>repo</distribution>
        </license>
      </licenses>
    </dependency>
    <dependency>
      <groupId>org.jboss.narayana.rts</groupId>
      <artifactId>lra-service-base</artifactId>
      <version>Not Installed</version>
      <licenses>
        <license>
          <name>Apache License 2.0</name>
          <url>https://www.apache.org/licenses/LICENSE-2.0</url>
          <distribution>repo</distribution>
        </license>
      </licenses>
    </dependency>
    <dependency>
      <groupId>org.jboss.narayana.rts</groupId>
      <artifactId>narayana-lra</artifactId>
      <version>Not Installed</version>
      <licenses>
        <license>
          <name>Apache License 2.0</name>
          <url>https://www.apache.org/licenses/LICENSE-2.0</url>
          <distribution>repo</distribution>
        </license>
      </licenses>
    </dependency>
    <dependency>
      <groupId>org.jboss.resteasy.microprofile</groupId>
      <artifactId>microprofile-config</artifactId>
      <version>Not Installed</version>
      <licenses>
        <license>
          <name>Apache License 2.0</name>
          <url>https://www.apache.org/licenses/LICENSE-2.0</url>
          <distribution>repo</distribution>
        </license>
      </licenses>
    </dependency>
    <dependency>
      <groupId>org.jboss.resteasy.microprofile</groupId>
      <artifactId>microprofile-rest-client</artifactId>
      <version>Not Installed</version>
      <licenses>
        <license>
          <name>Apache License 2.0</name>
          <url>https://www.apache.org/licenses/LICENSE-2.0</url>
          <distribution>repo</distribution>
        </license>
      </licenses>
    </dependency>
    <dependency>
      <groupId>org.jboss.resteasy.microprofile</groupId>
      <artifactId>microprofile-rest-client-base</artifactId>
      <version>Not Installed</version>
      <licenses>
        <license>
          <name>Apache License 2.0</name>
          <url>https://www.apache.org/licenses/LICENSE-2.0</url>
          <distribution>repo</distribution>
        </license>
      </licenses>
    </dependency>
    <dependency>
      <groupId>org.lz4</groupId>
      <artifactId>lz4-java</artifactId>
      <version>Not Installed</version>
      <licenses>
        <license>
          <name>Apache License 2.0</name>
          <url>https://www.apache.org/licenses/LICENSE-2.0</url>
          <distribution>repo</distribution>
        </license>
      </licenses>
    </dependency>
    <dependency>
      <groupId>org.reactivestreams</groupId>
      <artifactId>reactive-streams</artifactId>
      <version>1.0.4</version>
      <licenses>
        <license>
          <name>MIT-0</name>
          <url>https://spdx.org/licenses/MIT-0.html</url>
          <distribution>repo</distribution>
        </license>
      </licenses>
    </dependency>
    <dependency>
      <groupId>org.wildfly</groupId>
      <artifactId>mvc-krazo-galleon-shared</artifactId>
      <version>Not Installed</version>
      <licenses>
        <license>
          <name>Apache License 2.0</name>
          <url>https://www.apache.org/licenses/LICENSE-2.0</url>
          <distribution>repo</distribution>
        </license>
      </licenses>
    </dependency>
    <dependency>
      <groupId>org.wildfly</groupId>
      <artifactId>mvc-krazo-subsystem</artifactId>
      <version>Not Installed</version>
      <licenses>
        <license>
          <name>Apache License 2.0</name>
          <url>https://www.apache.org/licenses/LICENSE-2.0</url>
          <distribution>repo</distribution>
        </license>
      </licenses>
    </dependency>
    <dependency>
      <groupId>org.wildfly</groupId>
      <artifactId>wildfly-feature-pack-product-conf</artifactId>
      <version>32.0.0.Final</version>
      <licenses>
        <license>
          <name>Apache License 2.0</name>
          <url>https://www.apache.org/licenses/LICENSE-2.0</url>
          <distribution>repo</distribution>
        </license>
      </licenses>
    </dependency>
    <dependency>
      <groupId>org.wildfly</groupId>
      <artifactId>wildfly-micrometer</artifactId>
      <version>Not Installed</version>
      <licenses>
        <license>
          <name>Apache License 2.0</name>
          <url>https://www.apache.org/licenses/LICENSE-2.0</url>
          <distribution>repo</distribution>
        </license>
      </licenses>
    </dependency>
    <dependency>
      <groupId>org.wildfly</groupId>
      <artifactId>wildfly-micrometer-deployment</artifactId>
      <version>Not Installed</version>
      <licenses>
        <license>
          <name>Apache License 2.0</name>
          <url>https://www.apache.org/licenses/LICENSE-2.0</url>
          <distribution>repo</distribution>
        </license>
      </licenses>
    </dependency>
    <dependency>
      <groupId>org.wildfly</groupId>
      <artifactId>wildfly-microprofile-config-smallrye</artifactId>
      <version>32.0.0.Final</version>
      <licenses>
        <license>
          <name>Apache License 2.0</name>
          <url>https://www.apache.org/licenses/LICENSE-2.0</url>
          <distribution>repo</distribution>
        </license>
      </licenses>
    </dependency>
    <dependency>
      <groupId>org.wildfly</groupId>
      <artifactId>wildfly-microprofile-fault-tolerance-smallrye-deployment</artifactId>
      <version>Not Installed</version>
      <licenses>
        <license>
          <name>Apache License 2.0</name>
          <url>https://www.apache.org/licenses/LICENSE-2.0</url>
          <distribution>repo</distribution>
        </license>
      </licenses>
    </dependency>
    <dependency>
      <groupId>org.wildfly</groupId>
      <artifactId>wildfly-microprofile-fault-tolerance-smallrye-extension</artifactId>
      <version>Not Installed</version>
      <licenses>
        <license>
          <name>Apache License 2.0</name>
          <url>https://www.apache.org/licenses/LICENSE-2.0</url>
          <distribution>repo</distribution>
        </license>
      </licenses>
    </dependency>
    <dependency>
      <groupId>org.wildfly</groupId>
      <artifactId>wildfly-microprofile-health-smallrye</artifactId>
      <version>Not Installed</version>
      <licenses>
        <license>
          <name>Apache License 2.0</name>
          <url>https://www.apache.org/licenses/LICENSE-2.0</url>
          <distribution>repo</distribution>
        </license>
      </licenses>
    </dependency>
    <dependency>
      <groupId>org.wildfly</groupId>
      <artifactId>wildfly-microprofile-jwt-smallrye</artifactId>
      <version>Not Installed</version>
      <licenses>
        <license>
          <name>Apache License 2.0</name>
          <url>https://www.apache.org/licenses/LICENSE-2.0</url>
          <distribution>repo</distribution>
        </license>
      </licenses>
    </dependency>
    <dependency>
      <groupId>org.wildfly</groupId>
      <artifactId>wildfly-microprofile-lra-coordinator</artifactId>
      <version>Not Installed</version>
      <licenses>
        <license>
          <name>Apache License 2.0</name>
          <url>https://www.apache.org/licenses/LICENSE-2.0</url>
          <distribution>repo</distribution>
        </license>
      </licenses>
    </dependency>
    <dependency>
      <groupId>org.wildfly</groupId>
      <artifactId>wildfly-microprofile-lra-participant</artifactId>
      <version>Not Installed</version>
      <licenses>
        <license>
          <name>Apache License 2.0</name>
          <url>https://www.apache.org/licenses/LICENSE-2.0</url>
          <distribution>repo</distribution>
        </license>
      </licenses>
    </dependency>
    <dependency>
      <groupId>org.wildfly</groupId>
      <artifactId>wildfly-microprofile-metrics-smallrye</artifactId>
      <version>Not Installed</version>
      <licenses>
        <license>
          <name>Apache License 2.0</name>
          <url>https://www.apache.org/licenses/LICENSE-2.0</url>
          <distribution>repo</distribution>
        </license>
      </licenses>
    </dependency>
    <dependency>
      <groupId>org.wildfly</groupId>
      <artifactId>wildfly-microprofile-openapi-smallrye</artifactId>
      <version>32.0.0.Final</version>
      <licenses>
        <license>
          <name>Apache License 2.0</name>
          <url>https://www.apache.org/licenses/LICENSE-2.0</url>
          <distribution>repo</distribution>
        </license>
      </licenses>
    </dependency>
    <dependency>
      <groupId>org.wildfly</groupId>
      <artifactId>wildfly-microprofile-opentracing-extension</artifactId>
      <version>Not Installed</version>
      <licenses>
        <license>
          <name>Apache License 2.0</name>
          <url>https://www.apache.org/licenses/LICENSE-2.0</url>
          <distribution>repo</distribution>
        </license>
      </licenses>
    </dependency>
    <dependency>
      <groupId>org.wildfly</groupId>
      <artifactId>wildfly-microprofile-reactive-messaging</artifactId>
      <version>Not Installed</version>
      <licenses>
        <license>
          <name>Apache License 2.0</name>
          <url>https://www.apache.org/licenses/LICENSE-2.0</url>
          <distribution>repo</distribution>
        </license>
      </licenses>
    </dependency>
    <dependency>
      <groupId>org.wildfly</groupId>
      <artifactId>wildfly-microprofile-reactive-messaging-amqp</artifactId>
      <version>Not Installed</version>
      <licenses>
        <license>
          <name>Apache License 2.0</name>
          <url>https://www.apache.org/licenses/LICENSE-2.0</url>
          <distribution>repo</distribution>
        </license>
      </licenses>
    </dependency>
    <dependency>
      <groupId>org.wildfly</groupId>
      <artifactId>wildfly-microprofile-reactive-messaging-common</artifactId>
      <version>Not Installed</version>
      <licenses>
        <license>
          <name>Apache License 2.0</name>
          <url>https://www.apache.org/licenses/LICENSE-2.0</url>
          <distribution>repo</distribution>
        </license>
      </licenses>
    </dependency>
    <dependency>
      <groupId>org.wildfly</groupId>
      <artifactId>wildfly-microprofile-reactive-messaging-config</artifactId>
      <version>Not Installed</version>
      <licenses>
        <license>
          <name>Apache License 2.0</name>
          <url>https://www.apache.org/licenses/LICENSE-2.0</url>
          <distribution>repo</distribution>
        </license>
      </licenses>
    </dependency>
    <dependency>
      <groupId>org.wildfly</groupId>
      <artifactId>wildfly-microprofile-reactive-messaging-kafka</artifactId>
      <version>Not Installed</version>
      <licenses>
        <license>
          <name>Apache License 2.0</name>
          <url>https://www.apache.org/licenses/LICENSE-2.0</url>
          <distribution>repo</distribution>
        </license>
      </licenses>
    </dependency>
    <dependency>
      <groupId>org.wildfly</groupId>
      <artifactId>wildfly-microprofile-reactive-streams-operators</artifactId>
      <version>Not Installed</version>
      <licenses>
        <license>
          <name>Apache License 2.0</name>
          <url>https://www.apache.org/licenses/LICENSE-2.0</url>
          <distribution>repo</distribution>
        </license>
      </licenses>
    </dependency>
    <dependency>
      <groupId>org.wildfly</groupId>
      <artifactId>wildfly-microprofile-reactive-streams-operators-cdi-provider</artifactId>
      <version>Not Installed</version>
      <licenses>
        <license>
          <name>Apache License 2.0</name>
          <url>https://www.apache.org/licenses/LICENSE-2.0</url>
          <distribution>repo</distribution>
        </license>
      </licenses>
    </dependency>
    <dependency>
      <groupId>org.wildfly</groupId>
      <artifactId>wildfly-microprofile-telemetry</artifactId>
      <version>Not Installed</version>
      <licenses>
        <license>
          <name>Apache License 2.0</name>
          <url>https://www.apache.org/licenses/LICENSE-2.0</url>
          <distribution>repo</distribution>
        </license>
      </licenses>
    </dependency>
    <dependency>
      <groupId>org.wildfly</groupId>
      <artifactId>wildfly-microprofile-telemetry-cdi-provider</artifactId>
      <version>Not Installed</version>
      <licenses>
        <license>
          <name>Apache License 2.0</name>
          <url>https://www.apache.org/licenses/LICENSE-2.0</url>
          <distribution>repo</distribution>
        </license>
      </licenses>
    </dependency>
    <dependency>
      <groupId>org.wildfly</groupId>
      <artifactId>wildfly-opentelemetry</artifactId>
      <version>Not Installed</version>
      <licenses>
        <license>
          <name>Apache License 2.0</name>
          <url>https://www.apache.org/licenses/LICENSE-2.0</url>
          <distribution>repo</distribution>
        </license>
      </licenses>
    </dependency>
    <dependency>
      <groupId>org.wildfly</groupId>
      <artifactId>wildfly-opentelemetry-api</artifactId>
      <version>Not Installed</version>
      <licenses>
        <license>
          <name>Apache License 2.0</name>
          <url>https://www.apache.org/licenses/LICENSE-2.0</url>
          <distribution>repo</distribution>
        </license>
      </licenses>
    </dependency>
    <dependency>
      <groupId>org.wildfly.security.mp</groupId>
      <artifactId>wildfly-elytron-jwt</artifactId>
      <version>Not Installed</version>
      <licenses>
        <license>
          <name>Apache License 2.0</name>
          <url>https://www.apache.org/licenses/LICENSE-2.0</url>
          <distribution>repo</distribution>
        </license>
      </licenses>
    </dependency>
    <dependency>
      <groupId>org.xerial.snappy</groupId>
      <artifactId>snappy-java</artifactId>
      <version>Not Installed</version>
      <licenses>
        <license>
          <name>Apache License 2.0</name>
          <url>https://www.apache.org/licenses/LICENSE-2.0</url>
          <distribution>repo</distribution>
        </license>
      </licenses>
    </dependency>
  </dependencies>
</licenseSummary>
