<?xml version="1.0" encoding="UTF-8"?>
<!--
  ~ Copyright The WildFly Authors
  ~ SPDX-License-Identifier: Apache-2.0
  -->
<module name="org.jboss.logging.commons.logging" xmlns="urn:jboss:module:1.9">

    <properties>
        <property name="jboss.api" value="private"/>
    </properties>

    <resources>
        <resource-root path="commons-logging-jboss-logging-1.0.0.Final.jar"/>
    </resources>

    <dependencies>
        <module name="org.jboss.logging"/>
    </dependencies>
</module>
