<?xml version="1.0" encoding="UTF-8"?>
<!--
  ~ Copyright The WildFly Authors
  ~ SPDX-License-Identifier: Apache-2.0
  -->
<module name="org.aesh" xmlns="urn:jboss:module:1.9">
    <properties>
        <property name="jboss.api" value="private"/>
    </properties>

    <resources>
        <resource-root path="aesh-extensions-1.8.jar"/>
        <resource-root path="readline-2.2.jar"/>
        <resource-root path="aesh-2.4.jar"/>
    </resources>

    <dependencies>
        <module name="jdk.unsupported"/>
        <module name="java.logging"/>
        <module name="org.fusesource.jansi"/>
    </dependencies>
</module>
