<?xml version="1.0" encoding="UTF-8"?>
<!--
  ~ Copyright The WildFly Authors
  ~ SPDX-License-Identifier: Apache-2.0
  -->
<module name="org.wildfly.naming-client" xmlns="urn:jboss:module:1.9">

    <resources>
        <resource-root path="wildfly-naming-client-2.0.1.Final.jar"/>
    </resources>

    <dependencies>
        <module name="java.management"/>
        <module name="java.naming"/>
        <module name="java.security.jgss"/>
        <module name="org.jboss.logging"/>
        <module name="org.jboss.remoting"/>
        <module name="org.wildfly.common"/>
        <module name="org.wildfly.security.elytron-private"/>
        <module name="org.jboss.ejb-client" services="import" optional="true"/>
        <module name="org.wildfly.transaction.client" services="import" optional="true"/>
    </dependencies>
</module>
