<?xml version="1.0" encoding="UTF-8"?>
<!--
  ~ Copyright The WildFly Authors
  ~ SPDX-License-Identifier: Apache-2.0
  -->
<module name="org.wildfly.security.elytron" xmlns="urn:jboss:module:1.9">

    <dependencies>
        <module name="org.wildfly.security.elytron-private" services="export" export="true">
            <exports>
                <include-set>
                    <path name="org/wildfly/security"/>
                    <path name="org/wildfly/security/asn1"/>
                    <path name="org/wildfly/security/auth"/>
                    <path name="org/wildfly/security/auth/callback"/>
                    <path name="org/wildfly/security/auth/client"/>
                    <path name="org/wildfly/security/auth/jaspi"/>
                    <path name="org/wildfly/security/auth/permission"/>
                    <path name="org/wildfly/security/auth/principal"/>
                    <path name="org/wildfly/security/auth/server"/>
                    <path name="org/wildfly/security/auth/server/event"/>
                    <path name="org/wildfly/security/auth/util"/>
                    <path name="org/wildfly/security/authz"/>
                    <path name="org/wildfly/security/credential"/>
                    <path name="org/wildfly/security/credential/source"/>
                    <path name="org/wildfly/security/credential/store"/>
                    <path name="org/wildfly/security/evidence"/>
                    <path name="org/wildfly/security/http"/>
                    <path name="org/wildfly/security/key"/>
                    <path name="org/wildfly/security/manager"/>
                    <path name="org/wildfly/security/manager/action"/>
                    <path name="org/wildfly/security/mechanism"/>
                    <path name="org/wildfly/security/password"/>
                    <path name="org/wildfly/security/password/interfaces"/>
                    <path name="org/wildfly/security/password/spec"/>
                    <path name="org/wildfly/security/password/util"/>
                    <path name="org/wildfly/security/permission"/>
                    <path name="org/wildfly/security/sasl/util"/>
                    <path name="org/wildfly/security/ssl"/>
                    <path name="org/wildfly/security/x500"/>
                    <path name="org/wildfly/security/x500/cert"/>
                </include-set>
            </exports>
        </module>
        <module name="org.wildfly.common" export="true"/>
        <module name="org.wildfly.client.config" export="true"/>
    </dependencies>
</module>
