<?xml version="1.0" encoding="UTF-8"?>
<!--
  ~ Copyright The WildFly Authors
  ~ SPDX-License-Identifier: Apache-2.0
  -->
<module name="org.jboss.as.network" xmlns="urn:jboss:module:1.9">
    <properties>
        <property name="jboss.api" value="private"/>
    </properties>

    <resources>
        <resource-root path="wildfly-network-24.0.0.Final.jar"/>
    </resources>

    <dependencies>
        <module name="org.wildfly.security.elytron-private"/>
        <module name="org.wildfly.common"/>
        <module name="org.wildfly.service"/>
        <module name="org.jboss.logging"/>
    </dependencies>
</module>
