<?xml version="1.0" encoding="UTF-8"?>
<!--
  ~ Copyright The WildFly Authors
  ~ SPDX-License-Identifier: Apache-2.0
  -->
<module name="com.fasterxml.jackson.jakarta.jackson-jakarta-json-provider" xmlns="urn:jboss:module:1.9">
    <resources>
        <resource-root path="jackson-jakarta-rs-json-provider-2.15.4.jar"/>
        <resource-root path="jackson-jakarta-rs-base-2.15.4.jar"/>
        <resource-root path="jackson-module-jakarta-xmlbind-annotations-2.15.4.jar"/>
    </resources>

    <dependencies>
        <module name="com.fasterxml.jackson.core.jackson-annotations"/>
        <module name="com.fasterxml.jackson.core.jackson-core"/>
        <module name="com.fasterxml.jackson.core.jackson-databind"/>
        <module name="jakarta.ws.rs.api"/>
        <module name="jakarta.xml.bind.api"/>
    </dependencies>
</module>
