<?xml version="1.0" encoding="UTF-8"?>
<!--
  ~ Copyright The WildFly Authors
  ~ SPDX-License-Identifier: Apache-2.0
  -->
<module name="jakarta.servlet.jsp.api" xmlns="urn:jboss:module:1.9">

    <resources>
        <resource-root path="jakarta.servlet.jsp-api-3.1.1.jar"/>
    </resources>

    <dependencies>
        <module name="java.desktop"/>
        <module name="jakarta.servlet.api" export="true"/>
        <module name="org.glassfish.expressly" export="true"/>
    </dependencies>
</module>
