<?xml version="1.0" encoding="UTF-8"?>
<!--
  ~ Copyright The WildFly Authors
  ~ SPDX-License-Identifier: Apache-2.0
  -->
<module name="org.jboss.resteasy.resteasy-crypto" xmlns="urn:jboss:module:1.9">

    <properties>
        <property name="jboss.api" value="private"/>
    </properties>

    <resources>
        <resource-root path="resteasy-crypto-6.2.8.Final.jar"/>
    </resources>

    <dependencies>
        <module name="java.naming"/>
        <module name="jakarta.activation.api"/>
        <module name="jakarta.mail.api"/>
        <module name="org.apache.james.mime4j"/>
        <module name="jakarta.servlet.api"/>
        <module name="jakarta.ws.rs.api"/>
        <module name="org.bouncycastle.bcmail"/>
        <module name="org.bouncycastle.bcpkix"/>
        <module name="org.bouncycastle.bcprov"/>
        <module name="org.jboss.resteasy.resteasy-core"/>
        <module name="org.jboss.resteasy.resteasy-core-spi"/>
        <module name="org.jboss.logging"/>
    </dependencies>
</module>
